label,seq
1,YKLLKLLLPKLKGLLFKL
0,PFWRRRIRIRR
0,GEKLKKIGKKIKNFFQKL
0,KWKSFLKTFKSAKKTSLHTALKAISS
1,PAICQRATATLGTVGSNTSGTTEIAACILL
0,RCYCRRRFCVCR
1,GFLSILKKVLPKVMAHMK
1,RGGRLCYCRRRFCICV
0,KWKSFLKTFKSAKKTVLHTAAKAISS
0,FKLFKKILKVL
0,AKRHHGLNCAKGVLA
0,RPAFRKAAFRVMRACV
0,IKIKIKIK
1,RWCVYAYVRVRGVLVRYRRCW
1,KWKSFLKTFKSAVKTVLHTALKAISS
1,LKKVLKAAA
0,GLPALISWIKRKRGG
0,CLRIGMRGRELMGGIGKTM
0,GIGKFLHSAKKFGKAFVGEIMNSKKKKKKKKKK
0,RKKRWWRRKK
1,GMASKAGSVLGKITKIALGAL
1,FLPIIAGIAAKFLPKIFCTISKKC
1,KLLKLLLKLWLKLLKLLL
1,FHPSLWVLIPQYIQLIRKILKSG
1,GLKEVLHSTKKFAKGFITGLTGQ
1,WCYCRRRFCVCVGR
0,KKLKKFKKLQ
1,FLGMIPKLIKKLIKAFK
0,LLKWLLK
1,GFGMALKLLKKVL
0,GVAKFGKAAAHFGKGWIKEMLNS
0,WGRAFSAGVHRLARGGRG
0,KKIGIWIGIKK
1,KLLLKFKKLQ
1,YRMWRWRWRWR
0,ILGPVLGLVSDTLDDVLGIL
1,FSISASKVLDKFGKIVGKVLKQLKKVSAVAKV
0,DLWNSIKDMAAAAGRAALNAVTGMVNQ
0,RFGRFLRKIRRFRPK
1,KLLKLLLKLWKKLLKLLK
0,ILGAAWNGAKSLF
0,LKKKLFKLKQ
0,KWKSFIKKLTSKFLHLAKKF
0,WWKAAAKAAAKWW
1,FRIRVRVAKKFGKAFVGEIM
0,AHCLAIGRK
0,GWGDTFGKVLKNFAKVAGVKAAK
1,GLLKRIKILL
1,FLPMLAGLAASMVPKLVCLITKKC
0,IKWKRWWWR
0,GVIPCGESCVFIPCISTLLGCSCKNKVCYRN
1,VLPKVMAHMK
1,GMWKKILGHLIR
1,FLPMLAGLAANFLPKIICKITKKC
0,ILGKAWEGAKSLF
0,LQDLALQGAKERAHQQ
0,LLKKLLKK
1,GLLGPLLKIAAKVGSKLL
1,FLGLLFHGVHHVGKWIHGLIHGHH
1,FLPLLLAGLPLKLCFLFKKC
1,GFLGPLLKLGLKGAAKLLPQLLPSRQQ
1,FLGALIKGAIHGGRFIHGMIQNHH
0,GWFDVVKHIASAV
0,GAKERAHQ
0,KWKLFKKIPKFLHL
1,RGLRRLGRKIAHGVKKYG
0,IWDAIFHGAKHFLHRLVNPGGKDAVKDVQQKQ
1,NLWAGILKHIIK
1,SLLSLIRKLIT
1,TCGETCFGGTCNTPGCTCDPWPICTDRGLP
1,KLLKFIKTLL
0,RGGRLCYCRRRFCVC
0,LLKWLKKWLKK
1,FLPLILPSIVTALSSFLKQG
0,GGHRAGLQFPVGRVHRLLRK
1,GKWSKILGKLIR
1,FLGLLGSLL
0,FSEAIKKIIDFLG
0,SKVWRHWRRFW
0,KLWKLWKKWLK
0,CVHWQTNTARTSCIGP
1,PAICQRAEIEACILL
0,CRRWWRFC
1,GIWKSLFTKLLKG
1,GLLSNVAGLLKQFAKGGVNAVLNPK
0,GLPALISLIKRKRQQ
0,GIGAAILSAGKSALKGLAKGLAEHF
0,FLKALFKALSKLL
1,FLPAIIGMAAKVLPAFLCKITKKC
1,WWWLKRIW
0,GLPALISSIKRKRQQ
0,CLMARPNYRCKIFKQC
1,KWASLWNWFNITNWLWYIK
0,AGLQFPVGRVHRLLRK
1,FWGALAKGALKLIPSLVSSFTKKD
0,KLAGLAKKLAGLAKKLAGLAK
1,GLMDVFKGAAKNLLASALDKIRCKVTKC
0,ILPWKWKFFPWRR
1,GIIKKIIKKIIKKI
1,FLSLIPKIATGIAALAKHL
1,FLSLIPKAISAVSALANHF
0,KLKLKFKKLQ
0,RRRAAFAAWAAFAARRR
1,FLSLIPHIASGIASLVKNF
1,GLGSLLGKAFKFGLKTVGKMMGGAPREQ
1,VNWKKVLAKIIKVAK
0,KLKKKFLKLQ
0,RIVQRIKKWLLKWKKLGY
1,FLPLIAGVAASILPKIFCFITKKC
1,ALWKDILKNAGKAALNEINQIVQ
1,FIFHIIKGLFHAGKMIHGLVTRRRH
0,RWKRWWRRKK
0,FKRLEKLFSKIWNWK
0,GLFRALLRLLRSLWRLLLRA
0,GVFDIIKGAGKQLIAHAMGKIAEKVGLNKDGN
1,FLSLALAALPKFLCLVFKKC
1,ALHKTMLKKLGTMAL
1,LKIPGFVKDTLKKVAKGIFSAVAGAMTPS
0,RWKIFKKIEKVG
1,FLGGLIKWWPWRR
1,KFFKFFKFF
1,FLPMLAGLAANFLPKIVCKITKKC
1,FLPAALAGIGGILGKLF
1,GIMSLFKGVLKTAGKHVAGSLVDQLKCKITGGC
1,KWLRRVWRWWR
0,KLPKLPWKPKK
0,GKLWLKG
0,KKTWWKTWWTKWKK
1,GIGKFIHSVKKWGKTFIGEIMNS
0,GVVVRIGRVIVRGVRR
0,WRWRCRRRFCRWRW
0,WRCRRRFCRW
0,RRRRRRAAFAAWAAFAA
0,KKIGAIKKWGAIKKIGAI
0,QKALNEINQF
0,RWWRYWR
1,KKYRYHLKPFSKK
0,HLNKRVQRELIGWLDWLK
0,LRFAKKALKKLF
0,GIGKHVGKALKGLKGLLKGLGES
0,LRCKKRRWKCRV
0,IGGYCSWLRL
1,ILPWKWPWWPWRA
1,ALWKTLLKKVLKAAAKAALN
0,KWKSFIKKLTSKFLHSAKKN
0,LCLKKRRWKYCV
0,PRPRCRRRFCRPRP
0,FLPLIGKVLSGIL
0,GIHDILKYGKPA
1,GLPICGETCVGGTCNTPGCSCSWPVCTRN
0,RWRRFWRR
0,YPCKLNLKLGKVPFH
0,KKKKKKKKKKGIGKLFLHAAKKFAKAFVAEKMNS
0,KISKKIMRTFLRR
1,ILPAKWPWWPWRR
0,DKPKKKPPPPAGPPPPPPPPPGPPPPGP
1,KILRGVCKKIMRTFLRRISKDILTGKK
1,SMLKVLKNLGKVGLGFVACKINKQC
1,VWPLGLVICKALKIC
0,SWLSKTAKKLENSAKKRISEGIAIAIQGGPR
0,PQPRPPHPRL
0,RFRRLRIKTRIRLKKI
0,GIKDILKYGKPS
1,ILPWKWPLWPWRR
1,GILSSFKGVAKGVAKNLAGKLLDELKCKITGC
0,RGLRRLGRKIAHGVKKYGPTVKRIKRKA
0,MSVSDAVQLMLGFGTFVLMLLGLVVELIKNSNKK
0,SVAGRAQGM
0,FLPFLIPALTSLISSL
0,FKVTWKTKWWKG
0,VRRFAWWWPFLRR
0,GILSSLWKKPKKIIAK
0,GIRRILRYGRPS
1,STIGDLVKWIIDTVNKFTKK
1,ILGKLLSTAAGLLSKL
1,VNRKKILGKSIKVVK
0,MLKKFRGMF
1,FFHHIFRAIVHVGKTIHRLVTG
0,GWGSFFKKAAHVGKHVGKAALTHYL
0,SIGSALKKALPVAKKIGKIALPIAKAALP
0,GRFKRFRKKAKKLFKKLSPVIPLLHL
0,KWKWKWKW
1,GKWMSLLKHWLK
0,LLIRAAKKFIKK
0,FFGRLKAVFRGARQGWKEHRY
0,RWRLLLLKKH
0,FLGPIIKIATGILPTAICKILKKC
0,SIGRRGGYCAGIIKQTCTCYR
1,GIMDSVKGLAKNLAGKLLDSLKCKITGC
1,FLPLLAGLAAKWF
0,WKKILSKIKKLLK
1,VNWKKVLKKIIKVAK
0,EQHSSGKSDV
1,INWSSIFESVSNLV
0,RVVRQWPIGRVVRRVVRRVVRY
1,GIGKFLHSAKKFAKAFVGEIMNS
0,LVQRGRFGRFLRKIR
0,KLLLKLKLKLLKGWKRKRFG
1,FFHHIFRAIVHVPKTIHRLVTG
0,RVMFKWA
0,INLKAIAPLAKKLL
1,FVDLKKIANIINSIFGK
0,GIADILKYGKPS
0,KKVADKVLLLKQLRIMRL
0,CVISAGWNHKIRCKLTGNC
1,GKWMSFLKHILK
1,FIGSALKVLAGVLPSVISWVKQ
0,HFKGTLVNLAKKIL
1,KVMAHMK
0,GEGFLGMLLHGVGHAIHGLIHGK
0,GFLEKLKKGAKDFASALVNSIKGT
1,YKLLKLLLPKLKPLLIKL
1,ILGKLLSTWAGLLSNL
0,PCNPDHDYRPFGNFRIAFTT
1,GIGAVLEVLTTGLPALISWIKRKRQQ
1,RPPQFTRAQWFAIQHISLN
0,RWCVRARVRGVRYRRCW
0,NYISFFRKCKNSQST
1,GLNALKKVFKGIHEAIKLINNHVQ
1,HFLLTLVNLAKKIL
1,FLRFIGSVIHGIGHLVHHIGVAL
0,LLGPVLGLVSNVLGGLL
0,GIHDILKYGKRS
1,VRRFGWWWGFLRR
0,FLKLLKKAL
0,ANWKGIAAMAKKLL
0,GKPRPYSPRPTSHPRPIRV
1,SMLSVLKNLGKVGLGFVACKINKQC
0,KRFKKFFKKVKKSVKKRLKKIFKKPMVIGVTIPF
1,LNWGAVLKHVVK
1,GIGAVLKVLTTGLKWKLFKKIEKVGQ
1,WWWLKKIW
0,GILDTLKQFAKGVGKDLVKGAAQGVLST
1,GIFPIFAKLLGKVIKVASSLISKGRTK
0,IETFLKQLRSAANKIVGL
0,GIGSAILSAGKSALKGLAKGLAEHFAN
0,GILDTLKQFAKGVGKDLVKGAAQGVLS
1,LKLASIVSWAKKVL
1,FLFSLIPKAIGGLISAFK
0,KLAKKLAKLAKLAKAL
0,KILRGVSKKIMRRILTGKK
0,CQWQFISPSRAGCIGP
0,GVVDILKGAAKDIAGHLASKVMNKA
1,WPWWPWRR
0,DSHAKRHHGYKRKFHEKHHSHRGY
0,CVKVRVKVGSGVKVRVKVC
1,GLFDIWKWWRWRR
1,FLGLLGGLL
1,KLSPSLGPVSKGKLLAGQR
0,KILRGVSKKIMRRISKDILTGKK
0,GFCRCLCRRGVCRCLCTK
1,FLKLLKKLL
0,FKRLEKLFSKIWNWK
0,GIPCGESCVWIPCISAALGCSCKNKVCYRN
0,GLGKDLAKLGVDLVACKISKQC
1,FLSLLPHIASGIASLVSKF
0,KWKVFKKIEKMIRNIRNKIVK
0,PMARNKKLLKKLRLKIAFK
0,KIAKKIAKIAKKIA
0,KLAGLKAKWAGLKAKLAGLKA
1,KNWKKILKKIIKVVK
0,GRRPRPRPRP
1,INWKKIFEKVKDLV
0,GFLDIIKDTGKEFAVKILNNLKCKLAGGCPP
0,IGKFLKKAKKFG
1,ALWKTLLKKVLKAAAK
0,KIAGKIAKIAGKIAK
1,ILGKLLSWAAGLLSNL
1,GLGSLLGKAFKFGLKTVGKMMGGAPREE
1,KNWKKIASIGKEVLKAL
0,ALLLAIRRR
1,KRAKKFFKKPK
0,FLGALFKFASK
0,KKLFKKILKDL
0,KKKKKKALFALWLAFLA
0,LKWLKKLLKKL
0,KLVKTWLKVLK
0,KRFIKWYKAWNKKRRVY
1,ILKKLLSTAAGLLSNL
0,FLGALFKWASK
1,GIGAVLTTGLPALISWIKRKRQQ
0,KWKEFLKTFKEAKKEVLHTALKAISS
0,KWKKFKKIGAVLKKL
0,SLFSLIKAGAKFLGKNLLKQGACYAACKASKQC
1,LRFLKKILKHLF
1,LALILRKIVTAL
1,RGLRRLGRKIAHGVKKY
0,WKSDVRRWRSRY
1,GIPCGESCVWIPCITSAIGCSCKSKVCYRN
0,DEMKLDGFNMHLE
0,KKLFKKILKRL
1,GMWSKILGHLI
0,WGIHRILKYGKPS
1,RIRWILRYWRWS
0,FFGHIWHGARTLFRDVFA
1,KIAGKIASIAGKIAKIAGSIAKIAGK
1,GIGKFLKKAKKFGKAFVKMKK
0,RAGLQFPVGRLLRRLLRRLLR
1,VNWKKILPKIIKVVK
1,KITLKLAIKAWKLALKAA
0,RIIDLLWRVRRPQKPKFVTVWVR
0,KKKKKKAAAAFWAAAAF
0,RKLRRLKRKIAHKVKKY
0,FLGALFKALSKLV
0,RWKRWWRWI
0,WKSYVRRWRSR
1,KALWKTLLKKVLKA
1,VNWKKILAKIIKVAK
0,FPVTWPTKWRKG
0,KFLKLKWLKSWKNFK
0,LGRVDIHVWDGVYI
0,DEKGPKWKR
1,SKKLFKKILKYLAGPAKKLFKKILKYLKDEL
1,KKLFKKILKYLTTGLPALISWKDEL
0,RFRLPFRRPPIRIHPPPFYPPFRRFL
0,LLKLKFKKKQ
1,ALWMTLLKKVLKAAAKALNAVLVGANA
0,GKLFKKILKIL
1,KIAGKIAKIAGKIAKIAGKIAKIAGK
0,LKDVEEAQQKIINIIRRL
1,GKWMSLWKHILK
0,ILKKWPWWPWRRK
0,GLNALKKVFQPIHEAIKKINNHVQ
0,RRLMAAKAES
1,INWLKIAAAVAGML
0,ILGKILKGIKKLF
0,RRPRPRPRPFFFFF
0,INLKALAALAKKIL
1,LKLFKKILKFL
1,RRIVQRIRDFLR
1,KRFKKFFKKPK
0,GIGAVLKWLPALIKRKRQQ
1,KKTWWKTWWTKWSQPKKKRKV
1,RKKRRQRRRLNLKALLAVAKKIL
0,GAPKGCWTKSYPPQPCFGKK
1,SMLSVLKNLGKVGLGFVASKINKQS
0,YIPQPRPPHPRL
0,KILRGVSKRILTGKK
0,IKKIWSKIKKLWK
1,FLPILAGLAAKIVPKLFCLATKKC
1,KWCFRVCYRGICYRRCR
0,INLKAIAAFAKKLL
0,AVVDILKGAAKDIAGHLASKVMNKL
0,GLMKRIKTML
0,RIKRFWPVVIRTVVAGYNLYRAI
0,GLAKRIKTLL
1,LKKLLKWLLKLLK
0,NVMTYWWLDPPL
0,TQQAFQKFLAAVTSALGKQYH
0,KWKSFIKKAKTSFLHSAKKF
1,GIWKKWIKKWLNVLKNLF
1,GLRSKIWLWVLLMIWQESNKFKKM
0,SSLLEKGLDGAKKAVGGLGKLGKDAVEDL
1,LLAGLAANFLPKIFCKITKRC
0,KRFIKWYNAWNEKRRVY
1,GMWSKIPGHLIR
0,ALYLAIRKR
1,AIPWSIWWRLLFKG
1,FKRLKKLFKKIWNWK
0,RTCIPIPLVMC
1,KLKFKLKQ
1,PICKRNGLPVCGETCTLGTCYTQGCTCSW
0,SILDKIKNVALGVARGAGTGILKALLCKLDKSC
1,ILGKLLSTAAGLLKNL
0,GILGKLWEGFKSIV
1,GLWSKIKAAGKEAAKAAAKAAGKAALNAVSEAV
0,KILGVSKRILTGKK
0,FFHHIFRGIVHVGKTAHRLVTG
0,LRPLLRPLLRPLLRPLLRPLLRPLLRPL
1,SMLSVLKKLGKVGLGFVACKINKQC
0,KPLLKKLLKKL
0,GVVDILKGAAKDIAGHASKVMNKL
1,WKRIVRRIKRWLR
1,KNWGKILKHIIK
0,KYTGKCYKKKNECK
1,GLLKFIKTLL
1,VNSKKISPKSIKVSK
0,KKLLKFKKLQ
0,TLISWIKNKRKQRPRVSRRRRRRGGRRRR
1,FLSTLWNAAKSIF
1,TKPKGTKPKGTKPKGTKPKG
0,GIHRILKYGKPS
1,GLGSVFGRLARIGRVIPKV
1,VRRFPWWWAFLRR
0,KLAKKLAKLAKLAKAL
0,SADLVKKIWDNPAL
0,DSHAKRHHGYKIKFHEKHHSLRGY
1,GLLKRIKWLL
1,HFLLKLVNLAKKIL
1,KIAKVALKALKIAKVALKAL
1,LKLKSIVSWAKLVL
1,FFFLRRIF
0,HCLAIGRR
0,RWWRRWRRWWR
0,KKLAGLAKKWAGLAKKLAGLA
1,RFRRLRKKKRKRLKKI
0,KVFKRLEKLFSKI
1,AFGMALKLLKKVL
0,RRRRWFWF
0,GLMSTLKDFGKTAAKEIAQSLLSTASCKLAKTC
1,FFPGIIKVAGAILPTAICAITKRC
0,LLKKLLKKLLKL
0,LKWLKKWLK
0,LKKKLFLKKQ
0,FRRFFKWFRRPFKFF
0,RKKKVKLLKRLV
0,FLPLIGRVLSGIL
0,ALLHHGLNCAKGVLA
0,KLVKTQLKVLK
0,KWKKLLKKPLLKK
0,KSLVRRWRSRW
0,SGKLCCRRKK
0,RKKKFKFFKRFF
0,KLKKLLKKLLKK
1,LLLFLLKKRKKRKY
0,RRWWRHWRR
0,WRRFWRR
0,FVLPLVMCKILRKC
1,RGGRLCYCRGWICFCVGR
0,WKSYVRRWR
0,GLPRKILAAIAKKK
0,GLNALKKVFQGIHKAIKKINNHVQ
0,IKKIWSKIKKWLK
0,VEIHVWEGV
0,ILKWKWKWWKWRR
0,IIKVPLKKFKSMREVMRDHGIKAPVVDPATKY
1,NVWKKVLGKIIKVAK
1,KLLKKLLKLWKKLLKKLK
1,ALLKTMLKKLGTMAL
0,RIKRFWPVVIRTVVAGYNLYRA
1,FSGGNCRGFRRRCFCTK
1,ICYCRRRFCVCVGR
1,KALWKTMLKKLGTMAL
1,NVWKKILGKIIKVAK
0,RLWRRWRRWRR
1,IIGAIAAALPHVINAIKNTF
0,CGYKYGCMVKVDR
0,ALWLAIRRR
1,KFAKKFKWFAKAAFKFFKK
1,GVFGLLAKAALKGASKLIPHLLPSRQQ
0,FLGALFKALSKLL
0,GVVDILKGAAKDLAGHLATKVMNKL
0,KKKKKFKKLQ
0,KLLKWLLKL
0,KKWKKWKKWKK
1,VNWKKILGKI
1,FLPVIAGLAAKVLPKLFCAITKKC
0,RIVQRIAKWAKKWYKAGK
1,GMWSKILPHLIR
0,ACPIFTKIQGTYRGKAKRIGRRIC
0,KKLFKKILKYLGIGKFLHSAKKDEL
0,ERILSILRHQNLLKE
0,KKLKKLKKKWKKLKKKLK
1,KWKLFKKIGIGAVLKVLTTGLPALKLTK
0,KILRGVSKKIMRTFLRR
0,FRFRCRRRFCRFRF
0,ALLLAIRKR
1,GLFDVIKKLLKKIKGL
1,ALPWKWPWWPWRR
1,GMWSKILGHLIR
0,CKTRTSTNTDHLWIAKSKARLSET
0,RKRFARFAKRAV
1,INWKKIFEKVSNLV
0,SLGGVISGAKKVAKVAIPIGKAVLPVVAKLVG
0,AIGSILGRLAKGLPTLKSWIKNR
1,FFRLLFHGVHHVGKIKPRA
0,VIPFVASVAAEMMQHVYCAASRKC
1,MAQDIISTIGDLVKWIIDTVNKFTKK
1,GIRKWFKKAAHVGKKVGKVALNAYL
0,KKLFKKILKYLAGPAKFLHSAK
0,FLPLIGRVLSGIA
1,ALWMTLLKKVLKAAAKAALNAVLVGANA
0,GRFKRFRKKFKKLFKKASPVIPLLHL
0,LLGMIPVAISAISALSKL
0,KKFFLKVLTKIRCKVAGGCRT
0,FLGAVVKALSKLL
1,SKKLFKKILKYLAGPATTGLPALISW
0,KLKAGLAKWKAGLAKLKAGLA
1,ALWKTMLKKLGTMALHAGKAALGAAADTI
0,YPCKLNLKLGKVPFH
0,LKLKKFKKLQ
1,GIGAVLAVLTTGLPALISWIKRKRQQ
1,GIGGALLSAGKAALKGLAKGLAEHFAN
1,GLPVCGETCFGGTCNTPGCICDPWPVCTRN
0,RIKRFWPVVIRTVVAGYNL
0,GIGTKILGGVKAALKGALKELASTYVN
1,GMASKLAKVLPHVVKLIK
0,LRPAILVRTK
1,VLPLLETCSMTCWENNQTFGK
0,HLLKRVQRELIGWLDWLK
0,LLWIALRKK
0,QYRPGSFGPLNQK
0,FITGLIGGLMKAL
0,RCFRRRGKLTC
1,GEFLKCGESCVQGECYTPGCSCDWPICKKN
1,FFPLVLGALGSILPKIF
1,FFKLIPKLVKKLIKAFK
0,KKKAAAFAAWAAFAKKK
1,GKIIKVVK
0,KGCALVKVRGLTLKVCK
1,GKLIKKFGRKAISYAVKKARGKH
0,VRRFKWWWKFLRR
1,FLGFLHHLF
0,VTLASHLPSDFTPAVHASLDKFLANVSTVL
0,SKVGRHLRRFLHRAHRKL
1,CGESCVFIPCISTLLGCSCKNKVCYRNGVIP
0,KVKVKVKVPPTKVKVKVK
0,KIFGAIWPLALGALKNLIK
0,INWLKAKKVAGMIL
1,FFFHIIKGLFHAGRMIHGLVNRRRHRH
0,KWKKFKKIGKVLKVL
0,RRWYRWAWRMR
0,ILPWKKPKKPWRR
0,HKCAKIKWRGVHVKYCA
0,GLLKPLLKIAAKVGSNLL
1,KKWMSLLKHILK
1,IGDLVKWIIDTVNKFTKK
0,FKRLKKLAKKIWNWK
0,FFGRLKSVWSAVKHGWKAAKSR
1,GIPCGESCVFIPCITGAIGCSCKSKVCYRN
1,LNWGAIKKHIIK
1,FLPFVGKLLSGLL
0,RWRSFFKKAAHRGKHVGKRARTHYL
0,KKLLKFLKKQ
0,WWSYVRRWRSR
0,AKRLKKLAKKIWNWK
1,GFLSILKKVLP
0,GAVDILKGAAKDIAGHLASKVMNKL
0,MLKKFRGMF
1,NWKKIASIGKEVLKAL
0,RRRYIGRYVRFWK
0,KWKKLLKKPLKLLKKLL
1,FLPGLIAGIAKML
1,GIWKTIKSMGKVFAGAIKQNL
0,GILDTLKQFAKGVGKDLVKGAAQGVLSTV
1,RKLRRLKRKIAHKVKKY
0,KRIVQRIKKWLR
1,INWLKLGKMVIDAL
1,VQLRIRVAVIRA
0,GIKIAKKAITIAKKIAKIYW
0,KILGVSKKIMRRISKDILTGKK
0,KKWMQKVIDRFGG
0,FKCRRWQWRMKKLG
0,FLPGLLAGLL
0,GRRPRPRPRPWWWW
1,ILGWKWGWWGWRR
0,EVASFDKSKLK
1,ILGKIWKGIKSLF
0,LRRLWLRANRL
1,FPFLLSLIPSAISAIKRL
0,ASVVNKLTGGVAGLLK
0,QAKIRVRLSA
1,FLGSIVGALASALPSLISKIRN
1,GRRKRKWLRRIGKGVKIIGGAALDHL
1,FLSLIPKIISAISALINHF
0,LRLKSIVSYAKKVL
0,GVFDIIKGAGKQLIAHAMEKIAEKVGLNKDGN
1,LDVKKIICVACKIRPNPACKKICPK
1,FLFSLIRKAIGGLISAFK
1,GCKKWFKKAAHVGKNVGKVALNAYL
1,IWNKIAKSIGKVLEKAL
1,FVQWFSKFLGKIL
0,GFGKALKLLKKVL
0,EWESFLETFESAKETVLHTALEAISS
1,KIAGKIAAIAGKIAKIAGAIAKIAGKIA
1,KKLFKKILKYLKKLFKKILKYLKDEL
1,FLPLIAGVAANFLPKIFCLISKKC
0,GRKKRRQRRRGGWMWVTNLRTD
0,GRILSFIKGLAEHL
0,GIMSSLMKKLAKHIAK
1,INWKKIASIGKEVLKAI
0,IKKIVSKIKKLLK
1,VCYCRRRFCVCVGR
1,GIWKTIKSMGKVFAGAILQNL
0,SYSMEHFRWGKPV
1,FLPIIAGVAAKVLPKLFCAITKKC
1,GLNALKKFFQGIHEAIKLINNHVQ
0,NWCKRGRKQCKTHPH
1,FLSLIPKLVKKIIKAFK
0,RICTPIPFPMCY
0,FFYNVIKIYGNMAGRISK
0,ILPWKWPWLPLRR
0,KFFKRLLKSVRRAVKKFRKKPRLIGLSTLL
0,YKARRWAWRMK
1,RGLRRLGRKIAHGVKKGGPTVLRIIRIAG
1,FLPILGNLLNGLL
0,KLLLKFKKKQ
0,VSAVAKVAMKKGAALLKKMGVKISPLK
0,RLCRIVVIRVCR
1,LNWGKILKHIIK
0,AIGHCLGATL
0,AKKVFKRLEKLFSKIWNDK
0,RAGLKFPVGRVHRLLR
1,FLPIIGKLLSGLL
1,LLKKLLKLLLKL
0,KKRWWWWWR
0,LRKRLRKFRNKIKEKLKKIGQKIQGFVPKL
1,SAPRGCWTKSYPPKPCK
1,MQFITDLIKKAVDFFKGLFGNK
0,FRVTWRTKWWKG
1,PKVMAHMK
1,FFPLVLGALGSILPKVFGK
0,CVKGGKKYKRQGKGHRMRRYRNNH
0,KFLGTLVNLAKKIL
1,GLPVCGETCVGGTCYTPGCTCSWPVCTRN
0,RMKLNAKKLSFC
0,ILGKIWEGIKS
0,IKKIIKKIIKKI
1,PKLLKTFLSKWKKIG
0,LKIAKGIIKSL
1,FLSLALAALPKLFCLIFKKC
1,LNWGAFLKHFFK
0,KYTGKCTKSKNECK
1,CKLLLKWLLKLLKC
0,RKSKEKIGKEFKRIVQRIKDF
1,FLPLVTMLLGKLF
0,AKRLKKLFKKIWNWK
0,GMASKAGSIVGKIKIALGAL
0,LKKLLKKLLKW
0,GKLNLFLSRLEILKLFVGAL
0,FLSLIPSLVGGSISAFK
1,LKLLLLKLLKLKLWK
0,RCYARRRFAVCR
1,ALWMTLLKKVLKA
1,KWAKKWKWFAKAAWKWYKK
0,AKKVFKRLEKLFSKIQNDK
0,KWFKKIPKFLHLAKKF
1,FLGALWKVAKSVF
0,GRKKRRQRRRGALWKSLLKNVGKA
1,FFHHIFRGIVHVGKKIHRLVKG
0,AVIPPLRCKAAFC
1,FLSGIVGMLGKLF
0,RLYRKVYG
0,GVVVRIGRVVVRGVRR
0,FKCWRWQWRWKKLGA
1,GFFALIAKIISSPLFKTL
1,ILPWRWPWWPWRR
1,ILGPVLGLVGNALGGLIKKI
1,LRRLWLRANRLLRRLWLRANRL
1,FLPLIGRVLAGIL
0,FKKLKKIANIINSIFKK
0,KWRRAVRAI
0,IKLRNVLKYLFRIDVIKEDIL
1,FFHHIFRGIVHVGKTIHKLVTG
1,FFHHIFRGAVHVGKTIHRLVTG
0,LALERRSGWLRLFGLKPRRKH
0,HKKHKKHKKHKKHKKHKK
1,KWARLWRWFRITRWLWYIK
1,LNWGAILKHIKK
0,ILPSKLCRLLGNC
0,SGKRWWRRKK
1,AVGIGALFLGFLGAAGSTMGARS
1,FLFSLIPKAIGGLISAFK
0,RGGCLCYCRRRFCVCVCR
0,GLGKFLHSAKRFGKAFVGEAMNS
0,ALLHHGLNCAKGVLA
0,RGGRLCYARRRFAVCVGR
0,IRIKIRIK
0,SSLLEKGLDGAKKAVGGLGKLGKDA
0,GLWSKIKEVGKEAAKAAAKAAGK
1,RRLIWLILRLLR
0,LCYTFRPRFVCV
1,FWGFLGKLAMKAVPSLIGGNKK
0,LLRRLLRR
1,FFGWLIRGAIHAGKAIHGLIHRRRH
1,FLPILGKLLSGIL
1,GLKKLISWIKRAAQQG
0,KILRGVSKKIMRTFLRRISKDILTGKK
1,GIWKTIKSMGKVFAGKIKQNL
0,FKRFIGSVKHGIGHLVHHIGVAL
0,WLGALFKVASK
0,SGIQPEQHSS
0,RGGRLAYCRRRFCVAVGR
0,KVVKQWPIGKVVKKVVKKVVK
1,IKLSPETKKNLKKVLKGAIKGAIAVAKMV
0,ILGPVIKTIGGVIGGLLKNL
0,CYCFRRFCVC
0,KKKKKKAAAFAAAAAFAAWAAFAAA
0,FLPLILRKIVTAL
1,MAADIISTIGDLVKLIINTVKKFQK
0,GKSNKPALTLIQARILKHKT
0,LRAAHRLAIGRR
0,GILDTLKEFGKTAAKGIAQSLLSTASCKLAKTC
0,KAKLFKKIPKFLHLWKKF
1,IFGAIWPLALGALKNLIK
0,KWCRCVCRRGICYCRCRG
1,ALWKNMLKGIGKLAGQAALGAVKTLVGAES
1,WSKILGHLIR
1,FLPIVGKLLSGLL
0,KIGKAIKWGKAIKIGKAI
0,ILPWKLPLLPLRR
1,FLPFLAGLFGKIF
0,GLYNFIKVLGRTVFGLYKQF
0,VVQGACRAIRHIPRRIR
0,GANLAKKFYTYINKFINYAW
0,LLRRVARLLKRFAK
0,RLYRRLYR
1,LKLFKKILKVL
1,WKLFKKILKYL
1,GILSSLLKKLKKIIAK
0,NILSSIVNGINRALSFFG
1,AQWFAIQHISLNPPRSTIAMRAINNYRWR
1,FLSTIWNGIKSLL
1,GIGKFLHAAKKFAKAFVAEIMNS
1,VNWKKILGKIKKVVK
1,RGGRLCYCRPRFCVCVGR
0,RRWHRHWRR
0,DVNDLKNLCAKTHNLLPMCAMF
0,LKKWLKKWLKK
1,RWRWRWRWRW
0,GIAKFGKAAAHFGKKWVGELMNS
0,FLKALKKLL
0,ALKLLKKLL
1,SLSRFLSFLKIVYPPAF
1,GFKLLLKGAAKALVKTVLF
0,GWASKIGQTLGKIAKVGLKELIQPK
1,WWRLRRIW
1,CGESCVWIPCISSAIGCSCKNKVCYRNGIP
0,CIAKGNGCQPSGVQGNCCSGHCHKEPGWVAGYCK
1,KLALKAALKAWKAAAKLA
0,GIHDILKYGKPS
0,YGAAKKAAKAAKKAAKAA
0,KKLFKKILKFL
1,KFWSLLKKALRLWANVL
0,KLLKKLLKWLK
0,AKRLKKLAKKIWKWK
0,LLRRVAGLLKQFAK
0,RRLFRRILRRL
1,FLGGLIKIVPAMICAVTKKCHHHHHH
1,GFWKKVGSAAWGGVKAAAKGAAVGGLNALAKHIQ
1,YCYCRRRFCVCVGR
1,GIGKFLKKAKKFGKAFVKILKK
1,GVVTDLLNTAGGLLGNLVGSLSG
0,GVFDIIKDAGRQLVAHAMGKIAEKV
0,GKPKPYSPRPTSHPRPIRV
1,FFGPLIKIATGVLPNLICKALGKC
0,LVKLVAGIKKFLKWK
1,KWKLFKKIGKVLKVL
1,GLVTGLLKTAGKLLGDLFGSLSG
0,KWCRCVCRRGICRCRCRG
1,FCYCRRRFCVCVGR
1,GLWDSIKNFGKTIALNVMDKIKCKIGGGCPP
0,LLCKALRKI
0,KLKKLFKLKQ
1,ALWKTLLKKVLKAAA
1,LLKWLLKWLLK
1,LKLNSIVSWAKKVL
1,GLKALKKVFKGIHKAIKLINKHVQ
0,FKRLKKLFSKIWNWK
1,TQTVYEWCGVATQLLAAYILL
1,FFPLLFGALSSHLPKLF
0,RRRLCPIVIRVCRR
0,GLPALISWIKRKRL
1,LFGFLIPLLPHIIGAIPQVIGAIR
1,PRRRRSSSRP
0,FLGALVKALSKLL
1,FLSTALKVAANVVPTLFCKITKKC
0,AGYNLYRAIKKK
1,FLFSLIPSAISGLISAFKGRRKRDLN
0,GTKRGKLCRISRLAL
0,KIGAIKKWGAIKKIGAIK
1,WKLFKKILKFL
1,ALWMTLLKKVLKAAAKAALDAVLVGANA
1,GIKEFAHSLGKFGKAFVGGILNQ
1,FVRWFSKFLGRIL
0,GLLGGLLGPLLGGGGGGGGGLL
1,GDACGETCFTGICFTAGCSCNPWPTCTRN
0,PFKISIHL
0,KKKKKKALFALWLAFAA
1,GNPLKLFLPSTWVHFFKFLR
1,ALWKDILKNLLKAALNEINQIVQ
0,SKVGRHGRRFGHRAHRKL
1,FLSLIPKIISAISALIKHF
0,HVDKKVADKVLLLKQLRIMRLLTRL
0,RKWVAWRNR
0,GSKKPVPIIYCNRRTGKCQRM
0,GMWSKIKETAMAAAKEAAKAAGKTISDMIKQ
1,GMASTAGSVLGKLAKAVAIGAL
0,GRRPRPRPRPFFF
0,FRRFFKWPRRFFKFF
1,GCRRLCYKQRCVTWCRGR
1,FLFSLIPSVIAGLVSAIRN
0,RQRVEELSKFSKKGAAARRRK
1,ALWKTLLKKVLKAAAKAALNAVLVGANA
1,KWKLFKKIFKRIVQRIKDFLR
0,RLYRKVYGRLYRKVYGK
1,KKKALFALWLAFLAKKK
0,KWLLKWL
0,GKYGFYTHVFRLKKWMQKVIDRFGG
1,GVFRVLRKVTRVVLKVIGKVLKWI
0,FLGALFKVASKVLPSVFCAITKKC
1,ALWKTLLKNVGKAAGKAALNAVTDMVNQ
0,KRIVKLIKKWLR
0,VAIALKAAHYHTHKE
0,LLKKKFLKKQ
0,RFRRLFRIRVRVLKKI
0,VIHRAGLQFPVGRVHRLLRK
0,KKLLKFKLKQ
1,GKWKSLLKHILK
0,VRRFPFFFPFLRR
1,INWLKLGKKMMSAL
1,GFKDLLKGAAKALVKAVLF
0,FLFSLIPSAIGGLISAFK
1,ILPLKLPLLPLRR
0,RFRRLRWKTRKRLWKI
0,ACQFWSCNSSCISRGYRQGYCWGIQYKYCQCQ
0,WLNALLHHGYKRKFH
1,FFPIIAGMAAKVICAITKKC
0,GNNRPVYIPQPRPPHPRL
0,VAIYGRDDRSDVCRQVQHNWLVCDTY
0,NVLKKLNRLKEKNKAKNSKENN
0,FWGLKGLKKFSKKL
0,VDIHVWSGV
0,SKVGRHLRRFGHRAHRKL
0,GSKKPVPIIYCNRRGKCQRM
0,GLLSGILGAGKHIVCGLTGCAKA
0,RWRWWWRWR
0,RICTAIPLPMCL
1,GFLGPLLKLGLKGVAKVIPHLIPSRQQ
1,INWLKLGKKMMSAL
0,GIRRILKYGKRS
0,RGSALTHLP
0,GLLKKIKTLL
1,GLLKFIKWLL
1,FLPILAGLAANILPKVFCSITKKC
1,FPVTWGWWKWWKG
1,KWKSFIKKLTSAAKKVVTTAKPLISS
0,RRRSVGQQNAIPSHIQVNKFFLRKPAKQHI
0,GLFRRLRDSIRRGQQKILEKARRIGERIKDIFR
0,KWKSFIKKLTSKFLHSANKF
0,EWFKARRWGWRMKKLQA
0,KKAAHVGKHVGKAALTHYL
1,NPEKALEPLIAIQIAIKGMLNGWFTGVGFRRKR
0,LVQRGRFGRFLRKI
0,GSAQPYKQLHKVVNWDPYG
1,GLMDTIKGVAKTVAASWLDKLKCKITGC
0,FLSLIPHAINAVGVHAKHF
1,IIGAIAAALPHVINAIKNTF
0,VVKCSYRQGSPDSR
0,RLYRRLYRK
0,GLKALKKVFKGIHKAIKLINNHVQ
0,LLKKKFKLKQ
1,VNWKKILPKIIKVAK
1,FVPWFSKFLGRIL
1,CGESCVFIPCVTALLGCSCKSKVCYKNSIP
1,ILGKLLSTAAGLLSNL
0,FKCKKVVISLRRY
0,KFKKLFKKLSPVIGKEFKRIVERIKRFLR
0,KLLKLFKKKQ
1,FFGWLIKGAIHAGKAIHGLIHRRRH
0,KWKKPLLKKLLKKL
0,GRPNPVNNKPTPHPRL
1,FLGMIPGLIGGLISAFK
1,KWKLFKKIGKVLKVL
1,LNWGAILKKIIK
0,INLKAIAALAKKLF
0,RGWRRWGRKWAHGWKKYG
0,HLRRINKLLTRIGLYRHAFG
1,GKWKKILGKLIR
0,IKQVKKLFKK
1,GLGSVFGRLARILGRVIPKV
0,FFPLIPGVRCKILRTC
0,VVAGYNLYRAIKKK
1,ILAWKWAWWAWRR
0,LLGMIPLAISAISSLSKL
1,FFSMIPKIAGGIASLVKNL
0,GLNALKKVFQPIHEAIKLINNHVQ
1,GVVTDLLKTAGKLLGNLVGSLSG
0,GIGKHVGKALKGLKGLLKGLGEC
0,LRLKKYKVPQL
0,AKKVFKRLGIGAVLKVLKKG
0,IKSIASKVANTVQKLKRKAKNAVA
1,INWKKIASIGKEVLKAL
1,FLFSLIPSAISGLINAFK
1,GKMKEYFKKFGASFKRRFANLKKRL
0,AVVKVPLKKFKSIRE
0,RWKKWWRWL
0,KIGAKIKWGAKIKIGAKI
1,FLGLIGSLL
0,GLFKKLRRKIKKGFKKIFKRL
0,IHRDQQHESFLDARPEPGLTE
0,AIHDILKYGKPS
1,GVFRRLRKVTRKVLKKIGKVLKWI
0,KWKLFKKIPLAKKF
0,VDIHVWDGVVDIHVWDGV
1,RFRRLRKKIRKRLKKI
1,HFLGTLVKLAKKIL
1,FVDLKKIANIINSIF
0,RLCRIVPVIRVCR
0,FRFKRFRKKGKKLFKKVSPPILLLHL
0,RLYRRLYRRLYRRLYR
1,KKYRYHLKPFCKK
1,RQIKIWFQNRRLKWKK
0,KKLLGWGLLKK
0,LTYCRRRFCVTV
0,YYNPLPHDCGRDNNTDICSR
1,GVGKFLHSAKKFGQALVSEIMKS
1,YKLLKKLLKKLKKLLKKL
1,ALWMTLLKKVLK
0,RRGFSLKLALAKDGWALMLRLGYGRR
1,GIGAILKVLATGLPTLISWI
0,RFRRLRWWTRKRLKKI
0,LKKWWKTSKGLLGGLLGKVTSVIK
0,INWLAIAAAVAGML
0,GIGKFLKKAKKF
0,RKDVYRRRRRR
1,GVLGTVKNLLIGAGKSAAQSVLKTLSCKLSNDC
0,VWRHWRRFWH
0,KKSYVRRWRS
0,GVVDILKGAAKDIAGHLASAVMNKL
0,KKKKKKAAFAAFAAFAA
1,KKLFKKILKYLAGPAKKLFKKILKYLKDEL
1,LLSLALAALPKLFCLIFKKC
0,AVKKLLRWWSRWWKK
1,FLPGLIKAAVGIGSTIFCKISRKC
0,KKTWWKTWWTKWSQPKKKRKV
0,GKEFKRIVKWPWWPWRR
1,GIKKWVKGVAKGVAKDLAKKIL
1,ILPWKWPWWPW
1,INWKKIASIGKEVLKA
0,AVAVVGQATQIAKKKLFKKILKYLKDEL
0,RAGLQWPIGRLLRRLLRRLLR
1,GWKKWLRKGAKHLGQAAIKGLAS
0,IARRNLCASLRARHTIPQCKKFGRR
0,KWKLFKKIPKFLHLAK
1,PAIAQRATATLGTVGSNTSGTTEIEACILL
0,GSNTGFNFKTLDKE
1,FIHHIIGGLFSAGKAIHRLIRRRRR
0,GWANTLKNVAGGLCKITGAA
1,NVWKKILGKIIKVVK
0,AAPRGGKGFFCKLFKDC
1,FVGAIAAALPHVISAIKNAL
0,SAVLRHLRRFLLRKHRKH
0,SWLSKTAKKLENSAKKRISEGIAIAIQGGPR
1,FLGALWEVAKSVF
0,RLRLRIGRR
1,NIWKKIFEKVKNLV
0,GIGTKFLGGVKTALKGALKELAFTYVN
1,LLKWLLKWLKK
0,CLLKKLLKK
0,GRRPRPRPRP
1,FWGALAKGALKLIGVGSLFSSFSKKD
0,KKLKLFKKLQ
0,ALRLAIRKR
0,IHKFWRGGRWFKHI
0,KCRRRKVHGPMIRIRKK
0,GVVDILKGAAKDIAGHLAAKVMNKL
1,RLWLAIKRR
1,GMWKKILGKLIR
0,QQRKRKGIGAVLKVLTTGLPALISWI
0,KWKSFLKTFKSAKKKVLHTALKAISS
1,FLPIIGQLLSGLL
1,FIITGLVRGLTKLF
1,LNWGALLKHLLK
0,FLSLIPHAIKAVGVHAKHF
0,RLCPRVRIRVCR
0,LKKWLKK
0,KLLGKWKGLLK
0,GFLNTAMNTVTNLAGTLMDKAKCKIRGC
1,GIWKKWIKKVVNVLKNLF
0,SKVWRHWRRFWHR
0,KPTFRRLKWKYK
0,HRWWRWWRH
0,WFRKQLKW
1,FFGSLLSLGSKLLPSVFKLFQRKKE
1,INWLKLGKKLLSAL
0,KKLFKKILKYLAGPATTGLPALISWKDEL
0,LNALKKVFQGIHEAIKKI
0,RWKIFKKVVKKG
0,GIWGTLAKIGIKAVPRVISMLKKKQ
0,CLAIGRR
1,IWRIFRRIFRIF
0,KKKLFWKIPKFLHLAKKF
0,KWWKIWRWR
0,GIGKFLHSAKKWGKAFVGEIMNS
0,KVFKRLEKLFS
1,FFSMIPKIATGIASLVKNL
0,GIRRILRYGRRS
1,VSRRRRRRGGRRRR
0,KKVVFKVKFK
0,KARRWVRAI
0,RFFRRFRRFFR
1,INWSKIFEKVKNLV
1,SLWENFKNAGKQFILNILDKIRCRVAGGCRT
0,GIGGVLLSAGKAALKGLTKVLAEKYAN
1,FLPLLVGAISSILPKIF
1,KWRRWVRWI
0,GVVVRWGRVWVRGVRR
1,INWLKLGKKILGAI
1,GIGKFLHSAKKFFKRIVQRIKDFLR
0,RFIYMKGFGKPRFGKR
0,TPFLLVGTQIDLR
0,ALWKSLLKNVGKA
1,KRLFKELKFSLRKY
0,RRPRPRPRPWWW
1,KIAGKIAKIAGKIAKIAGKIAK
0,SGKLCCRRKK
1,GLLGKILGVEKKVLCGLSGMC
0,SKGKKANKDVELARG
1,GLKKWFKKAVHVGKKVGKVALNAYL
1,IKLSPKTKKNLKKVLKGAIKGAIAVAKMV
0,ILKWKWPWWKWRR
0,ILPWKWPWAPARR
0,KKPKLPWLPLK
0,GIKDLLKGAAKALVKTVLK
1,FFGWLIKGAIHAGKAIHGLIHRRRH
1,SFLDKFKDVAIGVAKGAGTGVLKALLCKLDNSC
1,ILKWKWKWWPWRR
0,RLWKRWWIR
0,KIAGKIAKIAGKIAKIAGKIA
0,GIRRILKYGKRS
0,GFCWNVCVYRNGVRVCHRRCN
0,VRRFPFFFPFLRR
0,ELDRIGYGTARRKKR
0,GFFLNALKNFAKTAGKRLKSLLNHASCKLSGQC
1,CGESCVWIPCISSAVGCSCKNKVCYKNGTP
0,KRRKAIKILKLIAKLIRKKR
0,SKVLRHLRRFLHRAHRKL
0,GWGSFFKKAAHVGKHVGKAALTHYL
1,KIAGKIAKIAGKIAKIAGKIAKIA
0,ILPILAPLIGGLL
1,GIPCGESCVWIPCISAAIGCSCKSKVCYRN
0,AKKVFKRLEKLFSKIWNWK
0,FLHFLHHLF
0,RRWYRWWR
0,FFHHIKRGIKHVGKTIHRLVTG
0,KWKLFKKIGPGKFLHSAKKF
1,GTPCGESCVYIPCISGVIGCSCTDKVCYLN
1,WIRRIKKWIRRVHK
1,GFISTVKNLATNVAGTVIDTIKCKVTGGC
1,INWSSIFESVKNLV
0,WGRAFSRGVRRLARGGRG
0,GIHDILKYGKPS
1,GLRDKIKNVAIDVAKGAGTGVLKALLCQLDKSC
0,RFRRLRCKTRCRLKKI
0,KKLGLWLGLKK
1,KIAGKIASIAGKIAKIAGSIAKIAGKIA
1,KWKWKWKWKW
1,KALKKLLAKWLAAAKALL
1,GIFPIFAKLLGKVIKVASSLISKGRTE
1,WKLFKKILKVL
0,KWKLFKKIGAVLKKL
0,VDIHVWEGV
0,KWKLFKKIGAVLKKL
1,FLSTIWNGIKSLF
0,RAGLQFPVGRLLR
0,MASRAAGLAARLARLALRAL
0,LLLKKFKKKQ
1,FLPIIAGAAAKVVEKIFCAISKKC
0,LNLKGIFKKVASLLT
0,AWLLAIRRR
0,IKKILSKIKKLWK
1,VNWKKSLGKSIKVVK
1,PWWPWRR
0,LRKAKKIAKKLF
1,FFRNLWKGAKAAFRAGHAAWRA
0,KKKLKFKKLQ
0,FLPLIGRVLSGILGWKRKRFG
0,RVVRPVVQVVKQKVR
0,GKYGFYTHVFRLKKWIQKVIDQFGE
1,GMWSKLLGHLLR
0,HNKQEGRDHDKSKGHFHRVVIHHKGGKAH
1,VLPLVGNLLNDLLGK
0,WLLKRWKKLL
0,ATCYCRTGRCATRESLSGVCEISGRLYRLCCR
1,GVVDILKGAAKDILGHLASKVMNKL
0,GCASRCKAKCAGRRCKGWASASFRGRCYCKCFRC
0,GIMSSLMKKLAAHIKK
1,GLGSLLGKALKFGLKAAGKFMGGEPQQ
0,GMLKRIKTLL
0,LKKLKFKKLQ
1,FLFKLIPKAIKGLVKAIRK
0,GLLKRIKTLL
1,KLKLKFKLKQ
1,GKGALKKFLAKKVAKTVAKQAAKQGAKYVVNKQME
0,CAKAKAKAGSGAKAKAKAC
1,FLPIALKALGSIFPKIL
0,SFFKKAAHVGKHVGKAALTHYL
1,KIAGKIAKIAGKIAKIAGKIAKIAGKIA
0,RGRKVVRRKK
0,HFLGTLVNLKKKIL
0,KKAAAFAAAAAFAAWAAFAAAKKKK
0,ILQKAVLDCLKAAGSSLSKAAITAIYNKIT
1,KWKSFLKTFKSPARTVLHTALKPISS
1,GFKMALKLLKKVL
0,RGGRLCYCRRRFCVCE
1,FLPLKKLRFGLL
0,GRRPRPRPRPFFF
0,GATAIKQVKKLFKKKGG
1,ILPWKWPWWP
0,TISQPEWFKARRWQWRMKKLGA
1,VNWKKILAKIIKVVK
0,LLLIALRKK
0,KAGLAFPVGRVHRLLRK
1,KLKKLLKKWLKLLKKLLK
0,IPHAVKAISDLI
0,EWFKARRWQWRMKKLGA
0,DAHGLLKRIKTLL
0,GIGASILSAGKSALKGLAKGLAEHFAN
0,FWQRNIRIRR
0,SDDAQRCYPHNRTPFTYTYI
0,KLKKLFLKKQ
0,LCYTRGRFTVCVR
0,GVLDILKGAAKDLAGHVATKVI
0,KWRRWVRWI
1,LLGMIKVAITAISALSKL
0,FLGGLIKIVPAMICAVTKKC
0,AWNTYDYMKREHSLVKPYQG
1,ANRLLEAYKMLLKFLGNLR
0,RRRFVVQQDTISPRLEVDERFLPNSVQEQI
1,KIALKALKALKALGKALKAL
1,GMASLLAKVLPKVVKLIK
1,LNWGAWLKHWWK
1,FLIGMTQGLICLITRKC
1,LFGMALKLLKKVL
1,FLGMIPGLIGGLISAFK
0,IKKIVSKIKKLL
0,KKKKKKAAFALWLAFAA
1,GLLDTFKNLALNAAKSAGVSVLNSLSCKLSKTC
1,FFPIIAGMAAKLIPSLFCKITKKC
0,NFAEIFAAVNKLIKQGVVKG
1,VNWKKILG
0,SKKLFKKILKYLAGPAGIGKFLHSAK
0,RLYRRLYRRLYRRLYR
0,VDIHVWDGV
1,KLLKVIKKLL
0,TASQAEWFKARRWQWRMKKLGA
0,KWKSFLKTFKSAKKTELHTALKAISS
0,TGRAKRRMQYNRR
0,RRWRRWRRWRR
0,KVALGVAQNYLNPQQ
1,GLPVCGETCVGGTCNTPGCTCSWPVCTRN
0,KLKNFAKGVAQSLLNKASCKLSGQC
1,LCYCRRRFCVCVGR
0,LLKKLLKKM
1,WLNALKKVFQGIHEAIKLIWNHVQ
0,WKSYVRRWR
0,KWCRKWQWRGVKFIKCV
0,IIGLVSKGTCVLVKTVCKKVLKQ
1,FVGAIAAALPHVISAIKNAL
1,GLKALKKVFQGIHKAIKLINNHVQ
1,LCYCRRRFCWCV
1,GLMDTIKGVAKNVAASLLEKLKCKVTGC
1,IDWKKIFEKVKDLV
0,GLLKNIKTLL
1,INWKKIASIGKEVLK
0,AKKVFKRLEKSFSKIQNDK
0,GAHDILKYGKPS
0,ILPWKWPKKPWRR
0,FFSTSCRSGC
0,KKPKLPWLPKK
1,KWRRWIRWL
0,GFWKKVGSAAWGGVKAAAKGAAVGGLNALAKHIQ
1,GLFDIIKKIAESF
0,WVKAAAKAAAKVW
1,FWGALAKGALKLIPSLFSSFSKKD
0,LPRRNRWSKIWKKVVTVFS
1,RFGRFLRKIRRFRPKVTITIQGSARF
1,GKKLFKKILKYLAGPAKKLFKKILKYL
0,ACDFQQCWVTCQRQYSINFISARCNGDSCVCTFRT
0,VRFKLLSHSLLVTLASHL
0,SADQTGMNKAALSPIRFISKSV
0,NVLSSVANGINRALSFFG
0,FIFPKKNIINSLFGR
0,GMASKAGSVAGKIAKFALGAL
1,GLADYWRTAFRANFANLGPGIRCKSARC
1,GVVVRVARVVVRWVRR
1,CESCVWIPCISSVVGCSCKSKVCYKNGTLP
0,AKKVFKRLEKLFSKIQNWK
0,INWKKIKKKVAGML
1,GVWTTILGGLKKFAKGGLEALTNPK
1,RRWCFRVCYRGRFCYRKCR
0,SWLRDIWDWKCEVLSDFK
0,QKDDEEESRFFFNFIFSAE
0,WKKWWKKW
1,GKWMSWLKHILK
1,FLGAIAGVAAKFLPKVFCFITKKC
0,KIAKVALKAL
0,LAYCRRRFCVAV
0,RWKRWWRRKK
1,LLQWLSKLLGRLL
1,SVSNAATRVARTGRSRWRDVARNFMR
0,FLGWLFKWAKK
0,RVVRQWPIGRVVRRVVRRVVR
0,KIRVRLSA
1,FLPLLLAGLPKLLCLFFKKC
0,WPVVIRTVVAGYNLYRAIKKK
1,GLGSVLGKALKIGANLL
0,GLWKGKLGLWKGKLGLWKGKL
1,FWGALAKGALKLIVSLFSSFSKKD
0,MESQSDAVQLMLGFGTFVLMLLGLVVELIKNSNKK
0,LCYCRFRRCVCV
1,GFFGKRKEYFKKFGASFKRRFANLKKRL
1,GWKDLLKGAAKALVKTVF
0,LLIAAFKKLVKK
0,KWKLKPLLKKLLKKL
1,GILDTLKQLGKAAAQSLLSKAACKLAKTC
0,VKKFPWWWPFLKK
1,FFFLRRIF
0,KNVNSIVKIQAFFRARKAQDDYR
0,GIGGALLSAGKSALKGLAKGLAEHL
0,KAYSTPRCKGLFRALMCWL
0,KWKFKKIPKFLHLAKKF
1,GIFGKILGAGKKVLCGLSGLC
1,IKIPAFVKDTLKKVAKGVISAVAGALTQ
0,KKLFKKILKQL
1,GLWSKIKTAGKSVAKAAAKAAVKAVTNAV
0,FLPLFLPKIICEITKKC
0,GLKGLLGKALKGIGKHIGKAQGC
1,CGESCVWIPCISSAIGCSCKSKVCYRNGIP
1,RVCSWIPLPICH
0,TCRTNRPCFYDLDLNVCRCS
0,AVNIPFKVHLRCKAAFC
1,MLQDWLSSLGDLLKSLLDTVNKFTKK
0,GLPWILLRWLFFRG
1,GVVTDLLKTAGKLLGNLFGSLSG
0,WKSDVRRWRSRY
1,IWRIFRRIFRIFIRF
1,FWGFLGKLAMKAVPSLIGGNKSSSK
0,SFHVFPPWMCKSLKKC
1,ILPWKWPWWPWRR
0,RCPGHTRQIGTSFGPRVKSCRKW
0,GWLQLALHLLQLGLHLLQLALQLRRR
1,KIFGAIWPLALGALKNLIK
0,RGRKGGRRKK
1,GECIWDAIFHGAKHFLHRLVNP
0,RRIRIIIRIRR
0,KKLFKKILKYLKDEL
0,NKKAGLFVVQFPKKY
0,KKLFKKILKAL
0,RKKKIKIIKKII
0,LNALKKVFQKIHEAIKKI
0,LGGIVSAVKKIVDFLG
1,KKLFKKILKYLKFLHSAK
0,WMLKKFRGMF
1,ILPWKWPW
1,VCRTGRSRWRDVCRNFMRRYQSR
0,GLNALKKVFQGIHEAIKLINNHVK
1,INWLRLGRRILGAL
1,FLGFLKNLF
0,KKLFKKILKGL
0,GLPRKILAAIAKKKGKAKGPLKLVAKA
1,ILGAILPLVSGLLSNKL
0,LILGKLWKGVKSIF
0,FVKKFWGGVKAIFKGARKGLK
0,GFFALIPKIIS
0,KKKKKFLLLQ
0,AAAAAAAAAAGIGKFLHSAKKFGKAFVGEIMNS
0,TKCFQWQRNMRKVRGPPVSCIKR
0,AKRLKKLAKKIWKWL
1,LKLLKWLLKLL
0,RRWQWRMKK
0,KWKSFLKTFKSAKKTVAHTALKAISS
0,KKWRWWLKALAKK
1,YKLLKWLLLKLKALLEKL
1,GLLKRIKKLLKKIKKLL
0,SAVWRHWRRFWLRKHRKH
0,KLKKKFKLLQ
0,KLWKKWKKWLK
0,RKKKAKIIKKII
0,FLHFLHHLF
1,WLNALKKVFQGIHEAIKLINNHVQ
1,FKRIVQRIKDFLRGIGKFLHSAKKF
0,KLLKHKLLVTLA
0,KKKKKKAAFAAWAAFDA
1,ALWKTLLKKVLKAAAK
0,CKYLLKWR
1,GLLKKLLKIAAKVGKKLL
0,TVVAGYNLYRAIKKK
0,TISQAEWFKARRWQWRMKKLGA
1,KKIASIGKEVLKAL
0,KRIRKRIKKWLR
0,GVVDILKGAAKDIAGHLASKVMN
1,RRWQWRLCYCRRRFCVCVG
0,GLLSKVLGVGKKVLCGVSGLC
0,RLLRPLLQLLKQKLR
0,EGRERDHELRHRRHHHQSPK
0,FLKGIKGMLGKLF
0,FLPVLAGVLSRA
0,KKLLLFKKKQ
0,RGLRRLGRKIAHGVKKYG
0,RIGSILGRLAKGLPTLKSWIKNR
1,IFKAIWSGIKSLF
0,LKLKAIAALAKKKW
0,MLSVSDAVQLMLGFGTFVLMLLGLVVELIKNSNKK
0,KWKSFIKKLLSKFLHSAKKF
1,KVLKAAAKAALNAVLVGANA
0,RRRFVVQQNTISPRLQVNQRFLPNSVQQQI
0,KKTWWKTWWTKWKK
1,FFGSTIGALANFLPSLISKIRN
1,GLFGKLIKKKGRKAISYAVKKARGKH
1,KRLFKELLFSLRKY
0,LKKKLFKKLQ
0,KLLKWLLK
0,KIKWILKYWKWS
1,FLSLIPKAISAISALINHF
0,KWKKLLKKPLLKKLLKKL
1,KNIRRIIRKIIHIIKKYG
0,GVFDIIKDAGKQLVAHATGKIAEKV
0,RIRIIIRIR
0,RFRRLRPKTRPRLKKI
0,WKSYVRRWRS
0,KRFKKWYKAWRKKWRKY
0,FKHHIFRGIKHVGKTIHRLVTG
1,GLFGVLAKVAAHVVAAIAEHF
0,FKCRRWQWRWKKLGAKPVPIIYCNRRTGKCQRM
0,KWKSFIKKLTDKFLHSAKKF
1,FIGALLRPALKLLAGK
1,ILPIKIPIIPIRR
0,VARGWKRKCPLFGKGG
1,LKLKSIVSWAKAVL
0,RRWKIVVIRWRR
0,SGKRWWRRKK
0,WRNGRWWRNGRWWRNGRW
0,INWLKIKKKVAGML
1,KWKSFLKTFKSPARTVLYTALKPISS
0,GKPRPYSPRPTSHPKPIRV
0,QADFQKVVAGVANALAHRYH
0,PCRGRSCGPRLRGGYTLIGRPVKNQNRPKYMWV
1,CAESCVYIPCTVTALLGCSCSNRVCYNGIP
0,RIKRFWPVVIRTVVAGYN
1,FLPVIAGAANFLPKLFCAISKKC
1,KWKLFKKIEKVGQGIGAVLKVLTTGL
1,RLWLAIGRG
0,KKKKKKIIKKII
1,ILPWKWPWWPWRR
1,GIKDWIKGAAKKLIKTVASHIANQ
0,VHVPPICSHRECRK
0,RIKRFWPVVIRTV
0,KFASKGLGKDLAKLGVDLVACKISKQC
0,FYTHVFRLKKWMQKVIDRFGG
0,RKKRWWRRKK
1,FFPGIIKVASAILPTAICAITKRC
0,FLSLIPHAINAVSAIAKHN
0,GEKLKKIGQKIKNFFQKL
1,KLLKLLLKLLLKLLK
1,KWCFRVCYRGICYRRCR
0,CIAKGNGCQPSGVQGNCCSGHCHKEPGWVAGYCK
0,RLCRIVWVIRVCR
0,LFKKNKLWFKSKKWL
0,GWGSFFKKAAHVGKHVAKAALTHYL
0,KWKLFKKIPKFLHSAKKF
0,HLNKRVQRELRGWLDWLK
0,KRKKLLKRLL
0,GLTRLFSVIK
1,IWLTALKFLGKHAAKHLAKQQLSKL
0,FIFHIIRFFNFRVFRI
1,RGLRRLGRKIAHGVKKYGATVLRIIRIA
1,FLPAVIRVAANVLPTVFCAISKKC
0,RGGRLAYARRRFAVAVGR
0,GVVDILAGAAKDIAGHLASKVMNKL
1,RGGRLCYCRRRFCVCY
1,YKLLKLLLPKLKGLLIKL
0,GIMISLMKKLAAHIAK
0,KWKKFKKIGKVLKVL
0,VGKVLKQLKKVSAVAKVAMKKGAALLK
1,ILPWKWKWWPWRR
1,FLPAVLRVAAQVVPTVFCAISKKC
1,FFHHIFRGIVHVGKTIHKLVTG
1,VNFKKLLGKLLKVVK
0,KKPKKPWKPKK
0,KNLRRIIRKGIHIIKKYG
0,KLLKKFLKKQ
1,GFRDVLKGAAKAFVKTVAGHIAN
0,RRWYRWWR
1,FIGALLGPLLNLLK
1,GLWNTIKEAGKKFALNLLDKIRCGIAGGCKG
0,RRFWHRAH
0,IDGLKAIWKKVADLLKNT
1,FLGFLKNLF
0,IKKILSKIKKLLK
1,LKLFKKILKYL
0,GAARKSIRLHRLYTWKATIYTR
1,ILGKLLSTAWGLLSNL
0,RKKKKKIIKKLI
1,GVVVRVGRVVVRWVRR
0,IRTVVAGYNLYRAIKKK
0,FSPQMLQDIIEAATAIL
1,GLLKWIKKLL
1,SNWLKLGKKMMSAL
1,GIGAVLWVLTTGLPALISWIKRKRQQ
0,RYPAVGYT
1,FLSAITSLLGKLL
0,PKVTITIQGSARF
0,GMWSKIKNAGKAAAKAAAKAAGKAALDAVSEAI
1,FLKALFKVALKVL
0,KLLKKFKLKQ
0,RRLMAAKAESR
1,YCSYTMEA
1,FLSTLLNVASKVVPTLFCKITKKC
0,GFKDLLKGAAKALVKTVLK
1,AILTTLANWARKFL
0,KKKKKKKKKKGIGKFLHSAKKFGKAFVGEIMNS
1,LKLKSIVSWALKVL
1,LRFLRRILRRLL
0,MAARAARLAARLARLALRAL
0,KWKKLPKKLLKLL
0,LGRVDIHVWDAVYIRGR
0,GLNALKKVSQGIHESIKLINNHVQ
1,RGLRRLGRKIAHGVKKYGPTVLRIIRTAT
0,NILSSIANGINRALSFFG
0,SLLSLIRKLIT
0,RIWKIWWKR
1,SGTSEKERESGRLLGVVKRLIVCFRSPFP
1,GECIWDAIFHGAKHFLHRLVNP
1,LLKKLLKKLLKKLLKK
1,ILPWKLPWWPWRR
1,LLGMIPVAIKAISALSKL
0,KKLFKKILKLL
0,RILTMTKRVKMPQLYKQIVCRLFKTC
0,KWKSFAKTFKSAKKTVAHTALKAISS
0,LCYTRPRFTVCV
1,AWASFFKKAAHVAKHVAKAALTHYL
0,LRRLKPLIRPWLRPLRRWWW
1,GWLDVAKKIGKAAFNVAKNFI
1,FVQWFSKFLGRIL
0,KKWRKWLAKK
0,KKLKKFLLKQ
1,INWKKMAATALKMI
1,IISTIGKLVKWIIKTV
0,LSVKAFTGIQLRGVCGIEVKARG
0,GKKLFKKILKYLAGPAGIGKFLHSAK
0,KKLFKKILKKL
0,KKVVFKVKFKK
1,FFHHIFRPIVHVGKTIHRLVTG
0,PFKLSLHL
0,SAVWRWRRFWLRKRK
0,AVVKVPLKKFKSIRETMKEKGLLEDF
0,FKAFRWAWRWKKLAAPS
0,AKKVFKRLEKSFSKIQNDK
0,LCAAHCLAILRR
0,KLWKKWKKWKK
0,FLGPIIKMATGILPTAICKGLKKC
0,HNSSKQWSHWLWHNGIRI
0,RRLGLWLGLRR
0,GLLRRLRDFLKKIGEKFKKIGY
0,DYSIRTRLHQESSRNVF
0,GIGKHVGKALKGLKGLLKGLGES
0,KKKAARALKRAL
0,FKTWKRPPFQTSCSGIIKE
0,FLPPSPWKETFRTT
1,INLKALAALAKALL
0,RRWHRWWRR
0,VDNANDLLSKVKKDKSD
0,GWWRRTVDKVRNAGRKVAGFASKACGALGH
0,KKIMRTFLRR
0,NALSSPRNKCDRASSCFG
0,RRPRPRPRPFFFF
0,FLSMIPHIAGGIASLVKNL
0,FFLLPIPNDVKCKVLGICKS
0,SSMKLSFRARAYGFRGPGPQL
0,LVQRGRFGRFLRKIRRFR
0,KWKLFKKIKFLHSAKKF
1,GLPTCGETCFKGKCYTPGCSCSYPICKKN
0,AKKVFKRLEKLFSKIWNWK
1,KLLAKAALKWLLKALKAA
0,QQRKRKGIGAVLKVLTTGLPALISWI
0,GLPGPLGPAGPK
1,FWGALAKGALKLIGVSLFSSFSKKD
0,LKKKKFKLLQ
0,RGRRSSRRKK
0,KKLKLFKLKQ
0,FKRLEKLF
0,IFSAIAGLLSNLL
1,GKVLDKFGKIVGKVLKQLKKVSAVAKV
0,FPLTWPTKWWKG
1,RRRRRRWFWFWF
0,ANLDAIIKIQAWARMWAARRQYL
0,ANVGFVIQLQARLRGFLVRQKFA
0,FKKLKKLFSKLWNWK
1,FASGIAGMAGKLF
0,RPPHPRL
1,ALWKTMLKKLGT
0,VKKFPWWWPFLKK
0,LRRLWLRANRL
0,ELSKAVRLIK
0,KWCFRVCYRGICYRRC
1,DSHAKRHHGYKRKFHEKHHSHRGY
0,AKKVFKRLRKLFKKI
1,INWLKLGKKMMSAL
1,IFGAIWSGIKSLF
0,WRHWRRFWHR
0,LKKKKFLKLQ
0,LLKAAAKAAAKLL
1,FLSSIGKILGNLL
0,GRPNPVPNPRPPHPRL
0,RKKRKKLLKRLI
1,RFRRLRKKFRKRLKKI
0,RKKTRKRLKKIGKVLKWI
0,KDWEHLKDWEHLKDWEHLKDEL
0,KKAAASAAAAASAAWAASAAAKKKK
1,FFGHLFKLATKIIPSLFQRKKE
0,RAYCRRRFCVAR
0,FLKLIPRKIVTAL
0,KKKLKFKLLQ
1,GKLEVLHSTKKFAKGFITGLTGQ
0,KKIVQKIKDFLK
1,FLKGIVGMLGKLL
1,GLFGVLAKVAAHVVPAIAEHF
1,PKLLKKFLKKWIG
1,FLPAVLKVAAHILPTAICAISRRC
0,KIKGAIKWKGAIKIKGAI
0,RLLRRLRRLLR
0,YRAWRWAWRWR
1,FLFKLIPKVIKGLVKAIRK
0,KKLTLWLTLKK
0,FLAKAVAKAAAKALAKAL
1,FLGFLHHLF
0,FLGALFKALSKVL
0,IKWKAILDAVKKVI
0,MKWKIGKKIGIGKFLHSAKKFN
1,INWLKLGKKMMSAI
0,KKAAHVGKHVGKAALTHYL
0,GLLKRAKTLL
0,DAAVEPELYHWGKVWLPN
1,GFKDLLKKAAKALVKTVLF
0,IKKILSKIKKWWK
1,KKLFKKILKYLAGPAKKLFKKILKYLAGPA
1,IWLTALKFLGKNLGKHLAKQQLAKL
0,AKAFKKAFEKLAAVVPFGGT
1,RRFPFFPFKFPLI
1,INFLKLGKKILGAL
0,TTSIRRRYQVSLIRRHRGKR
1,KLALKLALKAWKLALKAA
0,KLLGPLLKIAAKVGSNLL
1,KWKLFKKIFKRIVQRIKDFLR
0,YCNGKRVCVCR
1,GLLGLLGSVVSHVVPAIVGHF
1,GILSSLLKKLKKWIAK
1,GIWDTIKSMGKVFAGLILQNL
0,CRRWQWRC
0,YYHFWHRGVTKRSLSPHRPRHSRLQR
1,CGESCVWIPCTITALAGCKCKSKVCYNSIP
0,APAHRSSTFPKWVTKTERGRQPLRS
0,FLPGLECVW
1,GWKSVFRKAKKVGKTVGGLALDHYL
0,PRPPHPPRPPHPPRPPHPPRPPHPRL
1,KKLFKKILKYLKKLFKKILKYL
1,WLRRIKAWLRRIKA
0,LRWLRRL
1,CGESCVWIPCLTSAVGCSCKSKVCYRNGIP
1,FFGTLFKLGSKLIPGVMKLFSKKKER
0,FRFKFRFK
0,QKAVLDCLKAAGSSLSKAAITAI
0,GIGKLFLHAAKKFAKAFVAEKMNS
0,RNCTWLFSTKLKLPA
0,HKKHKKHKKHKKHKKHKKHKKHKK
0,ILPWKWPKLPWRR
1,ALWKTMLKKLGTMALHAGKAALGAAANTISQGTQ
1,KQLIRFLKRLDRNLWGLA
0,LLPALISWIKRKRQQ
0,KKTWWKTWWTKWSQPKK
1,GFMSKVANFAKKFAKGGVNAIMNQK
1,FFVLKFLLKWAGKVGLEHLACKFKNWC
0,CTCSWPVCTRNGLPVCGETCVGGTCNTPG
0,GKKLGLWLGLKKG
1,GIGAILKVLATGLPTLISWIKNKRKQ
1,FLSLIPHIVSGVASLAKHF
1,KIAGKIAAIAGKIAKIAGKIAKIA
0,SKKLFKKILKYLAGPAKFLHSAK
0,RWCVYAYRRVRGVLVRYRRCW
0,RLKKWMQKVIDRFGG
0,FKKLKKIANIINSIFKK
0,FIHHIIGGLFSVGKHIHGLIHGH
0,GRRPRPRPRPWWWW
1,KWKVFKKIEKMARNIRNKIVK
0,LKKLLFKKKQ
1,GLLKKIKWLL
0,FKLFKKIPKFLHLAKKF
1,FLPVIAGVAANFLPKLFCAISKKC
0,RKKKLKVVKRLV
1,CGESCVYIPCLTSAIGCSCKSKVCYRNGIP
1,RSTEDIIKSISGGGFLNAMNA
0,RRWPLKPKKWPLI
0,RKKRLKLLKRLL
1,ACYCRRRFCVCVGR
0,WIKAAAKAAAKIW
1,GIGKALHSAKKFGKAFVGEIMNS
0,GVFDIIKGAGKQLIAHAMGKIAEKV
1,FFPGIIKVAGAILPTAICAITKRC
1,GLFGKLIKKFGRKAISYAVKKARGKH
0,ALGALFKVASKVL
0,KKKKLFLKLQ
0,GVVDILKGAAKDLAGHLATKVMNKL
1,MMRVMRRKTKVIWEKKDFIGLYSID
1,RVKRVWPLVIRTVIAGYNLYRAI
1,GKAMSLLKHILK
1,WGHKLRSSWNKVKHAVKKGAGYASGACRVLGH
1,VLPLVGNLLNDLL
1,RLGTALPALLKTLLAGLNG
0,ILGPVLGLDGNALGGLIKKI
1,INWLKLGKAIIDAL
1,GFGSFLGSLFKTGLKIIPKLLPSIQQ
1,AKRHHGYKRKFH
1,FLGAIAAALPHVINAVTNAL
1,ALWKNMLKGI
0,RLLRKFFRKLKKSV
1,FLPILAGLAAKLVPKVFCSITKKC
0,GLLKRIKSLL
0,ISGPVLGLVGNALGGLIKKI
0,GIMSSLMKKLKKIIKK
0,RAGLQFPVGRVHRLLRK
1,GKWMHLLKHILK
1,GIMNTVKDVATGVATHLLNMVKCKITGC
1,FLPVILPVIGKLLSGIL
1,IKLSKETKDNLKKVLKGAIKGAIAVAKMV
0,CSCKNKVCYRNGVIPCGESCVFIPCISTLLG
1,GLVTSLIKGAGKLLGGLFGSVTGGQS
1,FLPIVGKLLSGLF
0,GILSSLLKKWKKIIAK
1,LRFLKKALKKLF
0,LRQSQFVGSR
0,WKSYVRRWRSRY
1,ALWMTLLKKVLKA
0,RKKRVKLLKRLV
0,GRKKRRQRRRPPQ
0,CRRWWRFC
0,GNNRPVYIPQPKPPHPRL
1,FKRWVQRWKRFLR
0,GVVVRWGRVIVRGVRR
0,RKKRKKLLKRLL
0,RRWRWWWRWRR
0,WKSYVRRWRSRY
0,ILPWKKPKKPKRR
1,INWKKLGKKILGAL
0,WLNAKRHHGYKRKFH
1,GLPVCGETCTLGTVYTQGCTCSWPICKRN
0,SIRDKIKTIAIDLAKSAGTGVLKTLICKLNKSC
0,GKLWLKGGKLWLKG
1,KKVLKAAA
0,KIAGKIAKIAGKIAKIA
1,GLPVCGETCVGGTCNTPGCTCSWWPVCTRN
0,IHKFWRRWFKHI
1,CGESCVWIPCISAAVGCSCKSKVCYKNGTLP
0,GATYAKKIIKTITKIATTAW
0,GILKSLLKKLKKIIAK
0,FFWHHIGHALDAAKRVHGMLSG
1,YKQCHKKGGKKGSG
0,FLPFFAACAITRKCGK
1,ALWKTLLKKVLKAAAKAALKAVLVGANA
1,FLPIIAGMAAKVICAITKKC
0,KWKSFLKTFKSASKTVLHTALKAISS
1,FLGALWNVWKSVF
0,VWRKWRRFWKR
1,GFWGKLFKLGLHGIGLLHLHL
0,DSHEKRHHGYKRKFHEKHHSHRGY
0,KGIRGYKGGYCKGAFKQTCKCY
0,IKKWWSKIKKLLK
1,VGTIIKIIKAIIDIFAK
1,FIFHIIKGLFHAGKMIHGLVT
1,GLLKLIKTLL
0,RVVRQWPIGRVVRRVVRRVVRF
0,SILGKLWKGVKSIF
1,KLALKAAAKAWKAAAKAA
0,WGIRRILKYGKRS
0,RCVCRRGVCRCVCRRGVC
0,IKIPPIVKDTLKKVAKGVLSTIAGALST
0,TLIWEFYHQILDEYNKENKG
0,ISSPLFKTLLSAVGSALSSSGGQE
1,KWLRRVWRWWR
1,GLPTCGETCTLGTCYVPDCSCSWPICMKN
1,GLNALKKVFQGIHEAIKLINKHVQ
0,AKKVFKRLGIGAVLKVLTWG
0,YKAWRWAWRWK
1,RFGRFLRKIRRFRPKVTITIQGSARFG
1,GVLDTLKNVAIGVAKGAGTGVLKALLCQLDKSC
1,RGGGLCYCRRRFCVCVGR
0,KKFGGGKTERARKAMAVE
0,GVVDILKGAAKDIAGHLASKVM
1,GLPVCGETCTLGTCYTQGCTCSWPICKRN
1,QRSVSNAATRVCRTGRSRWRDVCRNFMRR
1,GLLKRIKVLL
1,LPFFLLSLIPSAISAIKKI
0,KLKLLFKKKQ
0,WGIHRILKYGKPS
0,GFMKYIGPLIPHAVKAISDLI
0,IKKWLSKIKKLLK
1,GIGAVLGVLTTGLPALISWIKRKRQQ
0,KKWKKWKKWKK
0,IIRKIIRK
1,FVDLKKIANIINSIFGK
0,GSKKPVPIIYCNRRTKCQRM
1,GFKRIVQKIRDFLRNLV
1,MLLKKLLKKLLKKM
0,GVVDILKGAAKDAAGHLASKVMNKL
0,GVCRCVCRRGVCRCVCRR
0,KKKKWKLFKKIGIGKFL
0,DATPHAALFFTVKDHTAGDN
1,FFGHLFKLATKIIPSLFQ
1,KKLFKKILKYLAGPALYKLIKKFLKKKDEL
0,WGEAFSAGVHRLANGGNG
0,RRWQWRMKKLG
1,GIMDTLKNLAKTAGKGALQSLLNKASCKLSGQC
0,GILDTLKQFAKGVGKDLVKGAAQGVL
0,KPYLKRFQVYYKGRMWC
1,VCGETCVGGTCNTPGCTCSWPVCTRDGLP
0,KLLKQWPIGKLLKKLLKKLLK
1,RIRFPWPWRWPWWRRVRG
1,GIIKKIIKKIIKKI
0,ILGKILEGIKSLF
0,GSKKPVPIIYCNRRKCQRM
1,HFLGKLVNLAKKIL
0,FFHHIKRGIVHVGKTIHRLVTG
0,GKPYGNAYLGLRPKYSRWL
0,KGRGKQGGKVRAKAKTRSS
0,VFLGNIVSMGKKI
1,GMWSKILGHLKR
0,RRIRPRPPRLPRPRPRPLPFPRPGPRPIPRPLPFP
1,KWKKLLKKLLKLLKKLLK
0,GIHDILKYGKAS
1,FFHHIFRGVVHVGKTIHRLVTG
1,KWKKLLKKLLKLL
1,IDWKKIFEKVKNLV
1,GIGAVLKVLTTGLPALISWI
1,IKLSPKTKDNLKKVLKGAIKGAIAVAKMV
0,GLKKIFKAGLGSLKKGIAAHVAS
0,YSKSLPLSVLNP
1,GWASSIGSILGKFAKGGAQAFLQPK
1,VNWKKILKKIIKVVK
0,GACRAIRHIPRRIR
1,AAGLAMLFLGILSAAGSTMGARA
0,KVANTVQKLKRKAKNAV
1,IPCGESCVWIPCISGMFGCSCKDKVCYS
1,GWLDVAKKIGKAAFNVAKNFL
0,IKKIWSKIKKWWK
0,FAHHIFRGIVHVGKTIHRLVTG
0,LKIAKGIIKSL
0,GLNALKKVFQGIHEAIKLFNNHVQ
1,NIWKKIASIAKEVLKAL
1,GLNALKKVFQGIHKAIKLINNHVQ
1,FLPLLFGALSTLLPKIF
0,DFKDWMKTAGEWLKKKGPGILKAAMAAAT
0,GLLKRIK
0,ENAEEDIVLMENLFCSYIVGSADSFWT
0,LKLIPRKIVTAL
0,GFWSSVWDGAKNVGTAI
1,KWKKLLKKLLKLLKKLLKKLKKLLK
0,KKFWEDDG
1,KKLFKKILKFL
1,FLPFVGNLLNGLL
1,GKKLFKKILKYLAGPAKKLFKKILKYLKDEL
1,GLVGTLLGHIGKAILS
0,HLNKRVQRLLIRWLRWLK
0,FLGAVFKALSKLL
1,FRRPFKWFRRFFKFF
0,LRKLKKILKKLF
1,IPPFIKKVLTTVF
1,VCGETCFGGTCNTPGCSCTWPICTRDGLP
1,GIWKKWIKKWLKKLKNLF
0,NALSMPRNKCNRALMCFG
0,SIPCGESCVFIPCTVTALLGCSCKSKVCYKN
0,KKLKLFLKKQ
0,RLRKAVRLIK
0,GLPALISWIKRKRQQ
1,KWKLFKKIAKKFAKAFVAEIM
1,KLLKKFKKLQ
1,INWKKIFESVKNLV
0,HFLLTLVNKAKKIL
0,TSFLNELNKYNEKKFI
1,INWKKLLDAAKQIL
0,GFRKFHKFWA
0,FKARRWAWRMK
0,FLPLLLAGLPSFLCLVFKKC
1,FRRFRKWFRRFLKLF
0,GIMSIVKDVAKTAAKEAAKGALSTLSCKLAKTC
0,NPEKALEKLIAIQKAIKGMLNGWFTGVGFRRKR
0,VDKPDYRPRPWPRPN
0,KQKLAKLKAKLQKLKQKLAKL
1,ALWKTMLKKLGTMAL
0,KWKIFKKIEKVGRNIRNGIIKAVAVLGEAKAL
0,IRIRCRRRFCRIRI
1,IWSFLIKAATKLLGVGSLFGGGKKDS
0,GLLTRIKTLL
0,LLKLLKWLLKLLK
1,RGGRLCYCRRRFCVCW
1,VWPLVIRTVIAGYNLYRAIKKK
1,RWFKIQMQIRRWKNKK
0,GIHDILKYAKPS
0,IKKILSKIKKWLK
1,FIGAIARLLSKIF
1,GLLPLLSLLGKLL
1,ALWKNMLKGIGKLAGK
0,FAGAAFKALSKLL
1,FLPVIASVAAKVLPKVFCFITKKC
0,GWQLLALHLQLLGLHLLQLALLQRRR
0,RKRWWWWFR
1,AMWKDVLKKIGTVALHAGKAALGAVADTISQ
0,FMPILSCSRFKRC
0,CVKVSVKVGSGVKVSVKVC
0,KISKRILTGKK
1,GVVVRVGRVVVRWV
1,KWKLFKKISKFLHLAKKF
0,INWKKIKKKVKGML
1,GLSALISWIKRKRQQ
0,KWCFCVCYRGICYCRCRG
0,FIPLVSGLFSRLL
0,IASKVANTVQKLKRKAKNAV
0,GLLKRIKNLL
0,RVKRVWPLVIRTVIA
1,GFLDVVKHIGKAALGAVTHLINQ
1,FFLLSLIPSAISAIKKI
1,ALWKKILKNAGKAALNKINQIVQ
1,FKRIVQRIKDFLRGIGKFLHSAKKF
1,GFLSILKKVLKKVMAHMK
1,WLGALFKVASKVL
1,GAALAGLAKILCLWAKEFTGAFKKLNKKFAMKKK
0,VRVKVRVK
1,FIVPSIFLLKKAFCIALKKC
0,ASENGKCNLLCLVKKKLRAVGNVIKTVVGKIA
0,GVVDILKGAAKDIAGALASKVMNKL
1,GIPCAESCVYIPCTVTALLGCSCSNRVCYN
0,AARIILRRRFR
1,ILGKIWEGIKSLF
1,KNWGAILKHIIK
0,GVLDILKGAAKDLAGH
0,KKWRKLLKWLAKK
1,GIGKFLHAAKKFAKAFVAEIMNS
0,FVPAILCSILKTC
1,NLLNKALGTVNGLLGRS
1,GWLDVAKKKGKAAFNVAKNFI
0,NRFTARFRRTPWRLCLQFRQ
0,SKVWRHWRRFWHRAHRLH
0,RLSRIVVIRVSR
1,GKWMSKLKHILK
1,GMASLWAKVLPHVVKLIK
1,GILSSLWKKLKKIIAK
0,TSVRQRWRWRQRVRTS
0,RRRFVAQQNAIHSRVSRQVPTLSNSV
1,WLNALKKVWQGIHEAIKLIWNWVQ
1,FFSMIPHIATGIASLVKNL
1,GLVTGLLNTAGGLLGDLFGSLSG
0,AKKVFKRLEKLFSKIQN
0,RRRRRRRRRRGIGKFLHSAKKFGKAFVGEIMNS
0,RWKIFKKIEKVGQNIRDGIVKAGPAVAVVGQAATI
1,GIGAVLKVLTTGLCALISWIKRKRQQ
1,GIRCPKSWKCKAFKQRVLKRLLAMLRQHAF
1,IIGPVLGLVGSALGGLLKKI
1,KKYRYHLKPFSKK
0,RKFLRRRGEVAHFSQKSLGLYCWWW
0,RRWWHWWRR
0,KWKLFKKIGKVLKKL
0,FLPVLAGVLSRA
1,RIVQRILKWLKKWYKLGK
1,GLLDLLKLLLKAAG
0,GRRPRPRPRPFFFF
1,GLPVCGETCVGGTCNTPGCSCSWPVCFRN
1,GLPTCGETCTLGKCNTPKCTCNWPICYKD
0,RKKRKKLIKRLI
1,VNWRRILGRIIRVVR
0,RLMAAKAESRK
0,KKLFKKILKEL
0,GWLQLAQHLLQLGQHLLQLAQQLRRR
0,APVPFSCTRGCLTHLV
1,IIGPVLGLIGKALGGLL
1,VFIDILDKMENAIHKAAQAGIG
1,GLFGVLAKVAAKVVPAIAKHF
1,SMLSVLKNLGKVGLGFVKCKINKQC
1,GIWSSLLKKLKKIIAK
1,VNWKKIILGKIIKVVK
0,KFLHLAKKFPKWKLFKKI
0,KWKLFKKIPLHLAKKF
1,GRSRWRDVCRNFMRRYQSRVIQGLV
0,HLNKRVQRELIRWLDWLK
1,FLSLIPHIVSGVASIAKHF
0,GLLARIKTLL
0,KWKLFKKIPKFLH
1,INWKKIFEKVKNLV
1,KRLFKKLKFSLRKY
0,RWCVYARRRGVRYRRCW
0,WMLKKFRGMF
1,FFHHIFRGIVHIGKTIHRLVTG
0,CYCRRRFCVCVGR
0,HFLGTLVNLAKKKL
0,PRCRRRFCRP
1,FLSMIPHIVSGVAALAKHL
1,FLTGLIGGLMKALGK
1,FDVMGIIKKIASAL
0,FLGALWKVASK
1,RVKRVWPLVIRTVIAGYNLYRAIKKK
1,NILNTIINLAKKIL
0,AKKVFKRLEKLFSKIQNDK
1,FLPLLLSALPSFLCLVFKKC
1,FLPLLLASLPSFLCLVFKKC
1,INWKKIASIGKEV
1,GILSSIKGVAKGVAKNVAAQLLDTLKCKITGC
1,FWGALAKGALKLIGSLFSSFSKKD
0,KKLLKGLLKGW
0,SRSELIVHQR
0,TKKTKLTEEEKNRL
0,GLKKIFKAGLGSLVKGIKAHVAS
1,FLPLIASLAANFVPKIFCKITKKC
1,SNWKKIASIGKEVLKAL
1,FWGALAKGALKLIGPGSLFSSFSKKD
0,GKEFKRIVGRIYRLCCR
0,KILGKLWKGVKSIF
0,KWKSFLKTFKSAEKTVLHTALKAISS
0,KRCKNKMEGDDVAVSGRGARKAAKK
0,HFLLTLVNLKKKIL
1,GFLSILKKVL
1,INWLAIAKKVAGML
0,KWKSFLKTFKSAKKTALHTALKAISS
1,GFRDVLKGAAKAFVKTVAGHIAN
0,SSLLEKGLDGAKKAVGGLGKLGK
1,GFIFHIIKGLFHAGKMIHGLV
0,GVVAILKGAAKDIAGHLASKVMNKL
0,RRLRPRRPRLPRPRPRPRPRPR
0,GFWGKLWKPVKKAI
1,GKWSKILGHLIR
1,GKFMSLLKHILK
0,RFRRLRWKTRWRLKKI
0,LCAALCLAIGRR
1,KWKLFKKILKFLHLAKKF
1,IWRIFRRIF
1,GMASLLAKVLPHVVKLIK
1,GFKDLLKGAAKALVKTVLF
1,ILPWKWPWWPWAR
1,KWKKLLKKLLKLLKKLLKKLK
0,KRFKKFFKKLKKFVKKGFKKFAKV
0,FFSLIPSLVGGLISAFK
1,FLSLIPKIAGGIAALAKHL
1,GLPALISWIKRKRQQG
0,GKPRGNARLGLRPKRSRWL
1,FVQWFSKFLLRIL
1,GLPTCGETCTLGKCNTPKCTCNWPICYKN
1,MGIIAGIIKVIKSLIEQFTGK
1,RKHGFLNLQGIFGDYYHFWHRGV
0,APDRPRKFCGILG
0,AWLLAIRKR
0,VWRKWRRFW
0,KKKLLFKKLQ
0,GRGREFMSNLKEKLSGVKEKMKNS
1,GKYTCGETCFKGKCYTPGCTCSYPICKKD
0,AKKKLSRWWLRWWVK
1,GVWSTILGGLKKFAKGGLDAIVNPK
0,ALLKLAPRLLAGIF
1,GIGKFLHSAKKAGKAFVGEIMNS
0,RRRRRRRKDVY
0,GKLSSLWKKLKKIIAK
0,LKLKLFKKKQ
0,KIGAKIKIGAKIKIGAKI
0,INLKAIAALAKKLL
0,KKLLPIVANLLKSLL
0,ILPKKWPKLPWRR
0,FLPLLAGLAANFLPTIICKISYKC
1,FLPLLAGLAANFLPKIFCKITRKC
0,MESVSVAVQLMLGFGTFVLMLLGLVVELIKNSNKK
0,IVNHLVKLFDKGLNSIVNLR
1,KKLFKKILKWL
0,LCAAHCLAIRRR
1,WKLFKKILKVL
0,DNVYSRPPQRFGQNVIS
0,GIHAILKYGKPS
1,ALWKDLLKNVGKAAGKAVLNKVTDMVNQ
0,RSNKGFNFMVDMIQALSK
0,GIGGALLSAGKSALKGLAKGLAEHF
0,AKKKGKCKGPLKLVAKC
1,CGESCVWIPCISAVVGCSCKSKVCYKNGTLP
0,ALYKKLLKKLLKSAKKLG
1,FLPLLLAGLPKFLCLVFKKC
1,GKWMTLLKHILK
0,VWRHWRRFW
0,GRFRRLRKKTRKRLKKIGKV
0,RLLFRKIRRLKR
0,GLPALSSWIKRKRQQ
1,LRRLRKWLRRLLKLL
0,FFHHIFDPQIKSGLLVSMYD
1,ILGPVISTIGNALGGLLKNL
0,KRRKAIKILKLIAKAIRKKR
0,QPEWFKARRWQWRMKKLGA
0,KKKVVFKVKFK
1,SLLSLINKLIT
0,GLPALILWIKRKRQQ
1,GIPCAESCVWIPCTITALMGCSCKNNVCYNN
0,GVVVRVGRVVVRGVRR
1,FLSTIWNGIKSLL
0,LKLMGIVKKVLGAL
1,GWGSFFKKAAHVAKHVAKAALTHYL
0,FIGPVLKMATSILPTAICKGFKKC
0,FLPLIGRVLSGAL
1,GWLDVAKKIGKAAFNVAKNFL
0,WRNGRWWRNGRW
0,ILPAKAPAAPARR
0,ILGPVLGLVSNTLDDVLGIL
1,GLLGKLLKIAAKVGSNLL
0,GFFALIPKIISSPLFKTL
0,KWKEFLKEFKEAKKEVLHEALKAISE
0,HLNKRVQRLLIGWLDWLK
1,GIGAVLLVLTTGLPALISWIKRKRQQ
1,GLWDTIKQAGKKFFLNVLDKIRCKVAGGCRT
1,SWLSKTAKKLENSAKKRISEGIAIAQGPR
0,KKKAAFAAWAAFAAKKK
1,LVQRGRFGRFLRKIRRFRPKVTITIQGSARF
0,LRPAILVRIK
1,GVIKSVLKGVAKTVALGML
1,GLMDTVKNAAKNLAGQLLDTIKCKMTGC
1,GFGALFKFLAKKVAKTVAKQAAKQGAKYVVNKQME
0,FFPIVGKLLSGLSGLL
1,FWPVVIRTVVAGYNLYRAIKKK
1,CGESCVWIPCISAALGCSCKNKVCYRNGIP
0,RRPWRWPWWPWRR
0,LIGSLVRGILPLF
1,GFMKYIGPLIPHAVKAIKKLI
0,CYCRRRFCVC
1,GLAANFLPKIFCKITKRC
1,KRRKLIKILKLIAKLIRKKR
0,WGRAFSAGVHRLANGGNG
0,GFMDTAKNVFKNVAVTLLDKLKCKIAGGC
1,GGLRSLGRKILRAWKKYGPIIVPIIRI
0,KIAGKIAKIAKKIAKIA
1,KLLLKLLLKLLK
0,GLWSKIKEVGKEAAKAAAKAAGKAALGAVSEAV
0,GIRDILKYGKPS
0,KWKLFKKIGIGKFLHSAKKF
1,GIGKFLHTLKTFGKKWVGEIMNS
1,RGGRLCYCRRRFCVCI
0,KWKKFKKIGAVLKKL
0,INPKSVQSLL
0,SADVAGAVIDGASLSFKILKTVLEALGNVKRK
1,LLKKVLKAAA
1,GILDKLKEFGISAARGVAQSLLNTASCKLAKTC
0,KWKKLPKKLLKLL
0,KKLKKFLKLQ
0,SIRDKIKTIAIDLAKSAGMGILKTLICKLDKSC
0,LCAIAKKKGKCKGPLKLVCKC
1,LNWGAALKHAAK
1,GRFKRFRKKLKRLWHKVGPFVGPILHY
0,RIGSILGALAKGLPTLKSWIKNR
0,FKCRRWQWRMKKLGA
0,RRPRPRPRPFFF
0,KRWWKWIRW
1,WKWPWWPWRR
0,KSRQWQWKIRRTWPIFSIRR
0,AKKVFKRLPKLPSKIWNWK
0,PKRKSATKGDEPA
0,ACYCRIPACIAGERRYGTCIYQGRLWAFCC
0,SWKSMAKKLKEYMEKLKQRA
0,WRWKWRWK
1,GFKDLLKGAAKALVKTVLF
0,GVWGIAKIAGKVLGNILPHVFSSNQS
0,KWKSFAKTFKSAKKTVLHTALKAISS
0,RRWWRWWRR
1,ALWMTLLKKVLKAAAKAALN
0,LKRIKTLL
0,QWGRRCCGWGPGRRYCRRWC
0,GWGSFFKKAAHVGKHVGKAALT
1,KNWKKILGKIIKVVK
0,PNDPDSPCVYRMPNARGCSI
1,PKLLKFLKWIG
1,FLPLLAGLAANFLPKIFCKITRKC
1,SKWMSLLKHILK
0,GLKKIFKAGLGSLVKGIAAHVAS
0,VRVKVRVKVRVK
0,GILSSWLKKLKKIIAK
0,RRRAAFAAWAAFAARRR
0,DLLGTLGNLPLPFI
0,YKARRWAWRWK
0,CVHWQTNPARTSCIGP
0,TQQAFQKFLAAVTSALGKQYH
0,ILGPVLGLVGDTLGDLL
1,CGETCVGGTCNTPGCTCSWPVCTRNGLPV
0,FLSLIPHAINAVSTLVHHF
1,GLNALKKVFQGIHEAIKLINNHVQ
0,KKCKFFCKVKKKIKSIGFQIPIVSIPFK
1,AIPWSIWWHLLFKG
1,FKIKPGKVLDKFGKIVGKVLKQLKKVSAVAKV
0,LKWKSIVSWAKKVL
1,ALWKTMLKKLGTMALHAGKAAFGAAADTISQ
1,GLWSKIKEAAKAAGKAALNAVTGLVNQGDQPS
0,IIRRIRRII
0,LCYCRRRRCVCV
0,KIAEKFSGTRRG
1,FLPFVGNLLKGLL
1,VRRFAWWWAFLRR
0,AARRAARRAARR
0,AGYLLGKINLKPLAALAKKIL
0,ALLKRIKTLL
1,VNWKKLLGKLLKVVK
1,GLPVCGETCFTGSCYTPGCSCNWPVCNRN
1,GLPVCGETCVGGTCNTPGCNCSWPVCTRK
0,EPFKISIHL
1,GILDTIKNAAKTVAVGLLEKIKCKMTGC
0,KWKSFIKKLTSKFLHSKKKF
1,RVKRVWKLVIRLVKALYKLYRAIKKK
1,FVRWFSRFLGRIL
1,IPCGESCVWIPCITAIAGCSCKNKVCYT
1,FPFSLIPHAIGGLISAIK
0,CSCKSKVCYKNSIPCGESCVFIPCTVTALLG
0,FKRFKGSVKHGKGHLVHHIGVAL
1,GKWMSALKHILK
0,AAKAAAKAAAKAA
0,RGRKGGRRKK
0,LCAAHCLAIGRR
0,GAFGDLLKGVAKEAGLKLLNMAQCKLSGNC
1,ISLNPPRSTIAMRAINNYRWRSKNQNTFLR
1,RRWCFRVCYKGFCRYKCR
0,RERSKGSKYLYVG
0,ILGKIWKPIKKLF
0,SWKSFLKTFSSAKSTVLHTALKAISS
1,FFPLALLCKVFKKC
1,IIPLPLGYFAKKT
1,CAESCVWIPCTVTALLGCSCSNNVCYNGIP
0,FKRLEKLFKKIWNWK
1,FFGHLFKLATKIIPSFFRRKNQ
0,RHWRRFWHR
0,WRPGRWWRPGRW
1,AVAVVGQATQIAKKWKLFKKIEKVGQ
0,FFSALLSGIKSLF
0,LLIKFLKRFIKH
1,GVPICGETCTLGTCYTAGCSCSWPVCTRN
1,GIGKFIHAAKKFGKLFIGEIMNS
0,KIRFTRTVSRLLKAALAST
1,INWLKLGKKLLSAL
0,GRFRRLRKKTRKRLKKIGKVLKAI
0,MLSLSDAVQLMLGFGTFVLMLLGLVVELIKNSNKK
1,WKRWVQRWKRWLR
1,GLPICGETCVGGTCNTPGCFCTWPVCTRN
1,FLWALFKVASK
1,GFSSIFRGVAKFASKGLGKDLAKLGVDLVA
0,RGLRRLGRKIAHGVKKY
0,GANAAKKFATIAKKFINYLW
0,RRLCRIVWVIRVCRR
1,KRAKKFFKKLK
0,KRWWKWWRR
1,KKLFKKILKYLKKLFKKILKYLKKLFKKILKYL
0,FLPLIGRVASGIL
0,DNTDSVVKIQSWFRMATARKSYL
1,CLLKKLLKKLLKKC
1,LLAGLAANFLPKIFCKITRKC
1,AKKVFKRLGIGAVLWVLTWG
0,KLLKKPLKLKL
0,KARRAVRAI
1,KLALKLALKAWKAALKLA
0,FLKGIKGMLGKLL
0,GIIKKIIKKI
1,KLRKLFRKLLKLIRKLLR
1,GLPTCGETCFKGKCYTPGCSCSYPICKKD
0,GGLRSLGRKILRAWKKYGPIIVPIIRIG
1,GFLGPLLKLAAKGVAKVIPHLIPSRQQ
1,LNWGAILKHIIK
0,WLRRIKAWLRR
1,WRSLGRTLLRLSHALKPLARRSGW
0,IKKIWSKIKKLLK
0,KKKLLFKLKQ
0,FKTWKRPPFQTSCWGIIKE
0,FFPIVGKRLYGLL
1,FLPLAVSLAANFLPKLFCKITKKC
1,TRWLWLLRGGLKAAGWGIRAHLNRNQ
1,FKIKPGKVLDKFGKIVGKVLKQLKKVS
1,HKWMSLLKHILK
1,GFGALFKFLAKKVAKTVAKQAAKQGAKYVVNKQME
0,GICKFLHSAKKFGKAFVGEIMNS
1,WLRRIGKGVKIIGGAALDHL
0,AARRILRWIFR
0,ECYCRRRFCVCVGR
0,LLRIALRKK
1,FFGSLLKLLPKLL
0,GVVKRIKTVV
1,GFWGKLWEGVKNAI
0,WKLFKKILKVL
0,GILDTLKQFAKGVGKDLVKGAAQGVLSTVS
1,GLLSGILGAGKHIICGLSGLC
0,GIMSSLMKKLAKIIKK
0,SADLVKKIWDNPAL
1,SMLSVLKNLGKVGLGFVACKINKKC
1,LNWGAGLKHGGK
0,KGIVGMLGKLF
0,FRIRVRV
0,PKLKTFLSKWIG
1,FFHHFARGIVHVGKTIHRLVTG
0,EPCSPKNNYHDLFYRT
0,RAWVAWRNR
0,KWFRVYRGIYRRR
1,GLLKRIKALL
0,WKKWWKKWWKKW
1,RGLRRLGKKIAHGVKKYGPTVLRIIRIAG
0,FLKLLKALL
0,LLRHVVKILEKYL
0,GVIDIIKGAGKDLIAHAIGKLAEKV
0,AKKVFKRLEKLFSKIYNYK
1,GLLGPLLKIAAKVGKNLL
1,RGGRLCYCRRRFCVCL
1,ILPWKWPWWPWR
1,FIHHIIGGLFSVGKHIHSLIHGH
1,VRRRRRPR
1,KRFWPLVPVAINTVAAGINLYKAIRRK
1,KNLRRIIRKGIHIIKKYG
1,GKWMSLLKQILK
0,GLNALKKVFQGIHEAIKKINNHVQ
0,NLKAIAALAKKLL
1,ALWTTMLKKLGKMALHAGKAALGAAADTI
1,GFLGILFHGVHHGRKKALHMNSERRS
0,KLWKKWKKWKK
0,AAKIILNPKFRCKAAFC
1,FPVTFRFFKFFKG
0,FLGALFKVASKVLPSVKCAITKKC
0,RYRRKKKMKKALQYIKLLKE
1,FLPLIASVAANLVPKIFCKITKKC
0,GIGKFIHSAKRFGRAWVGEIMNS
0,GLGSLLGKAFKIGLKTVGKMMGGAPREQ
1,INSLKLGKKILGAL
0,FLGGLIKPWWPWRR
1,SLFGTFAKMALKGASKLIPHLLPSRQQ
0,RGRKVVRRKK
1,FLPIVTNLLSGLL
1,GIGHFLHKVKSFGKSWIGEIMNS
1,FSISPGKVLDKFGKIVGKVLKQLKKVSAVAKV
1,KWKVFKKIEKMGRNIRNGIVKAGPKWKVFKKIEK
1,ILPWKWPWWPWRR
1,FLPFLLSALPKVFCFFSKKC
0,GLVGTLLGHIGKAILGG
0,GLARGLREASKALDR
0,KRKLTLVFGVMAGVIGTKKR
0,KWKLFKKIGIGAVLKVLTTG
1,GLVTSLIKGAGKLLGGLFGSVTG
0,GVVDILKGAAKDIAGHLASKAMNKL
1,GKWLSLLKHILK
0,PIHRRIPPRWPRLKRRW
0,KKPWWKPWWPKWKK
1,FLPIVGRLISGLL
1,RIWFQNRRMRWRR
1,FPFSLIPHAIGGLISAIK
0,GIMDTVKNAAKNLAGQLLDKLKCSITAC
0,WKKWWKKWWK
0,SWLRDIWDWECEVLSDFK
0,VTCYCRRTRCGFRERLSGACGYRGRIYRLCCR
1,KKLIKKILKIL
0,LMAAKAESRK
0,KRFKKFFKKLKNSVKKRAKKFFKKPRVIGVSIPF
0,KKLKKLLKKWKKLLKKLK
0,WFKKIPKFLHLAKKF
0,HFLGTLKNLAKKIL
1,GLWNTIKEAGKKFAINVLDKIRCGIAGGCKT
0,KTRNWFSEHFKKVKEKLKDTFA
1,FLPIVAKLLSGLL
0,GKLTKDKLKRGAKKALNVASKVAPIVAAGASIAR
1,GLPTCGETCFGGTCNTPGCSCSSWPICTRN
1,KKYLLPIVGNLLKSLL
0,KLKLKLKQ
0,KLPLLPWLPKK
0,KWKSFAKTFKSAKKTVLHTAAKAISS
0,GIMDTVKNAAKNLAGQLLDKLK
0,PRPPHPPRPPHPRL
0,GMMKRIKTMM
0,AKKVFKRLEKLFSKIWNDK
0,KLNRLKEKNKAKNSKENN
1,WRWLRRIW
1,ILGPVISTIGGVLGGLLKNL
1,ILPILGNLLNSLL
0,WGIRRILKYGKRS
1,FLGALLGPLMNLLQ
1,GLFDIIKKIAESF
0,INWKKIKSIIKAAMN
0,GRFRRLRKKTRKRLKKIGKVLKKI
0,FLIGMTHGLICLISRKC
1,KRFWQLVPLAIKIYRAWKRR
0,FKRLKKLISWIKRKRQQ
0,KKLFKKILKIL
0,GMASKAGSVLGKVAKVALKAAL
0,DANVENGEDAEDLTDKFIGLMG
1,RGGRLCYCRRRFCVCA
1,FLSTLLKVAFKVVPTLFCPITKKC
1,GLWTTIKEGLKKFSLGVLDKIRCKIAGGC
1,KWKVFKKIEKNGRNIRNGIVKAGPAIAVLGEAKAL
0,SAVGRHLRRFLLRKHRKH
1,FKFGSFIKRMWRSKLAKKLRAKGKELLRDYA
0,KLWKKWKKWLK
0,GLNALKKVFQPIHKAIKKINNHVQ
0,KAYSMPRCKGGFRAVMCWL
1,VRRFAWWWAFLRR
0,FLPIIGKLLSG
1,IWLTALKFLGKHAAKHLAKQQLSKL
0,GIMSIVKDVAKNAAKEAAKGALSTLSCKLAKTC
1,GFFALIPKIISSPLFKTLLSAVGSALSSSGEQE
0,KLPLLPWLPLK
0,GAKLAKKQVRALGKFFSF
0,QLKVDLWGTR
1,FLSLIPKAISAISALANHF
0,ILGKIWKIKKLF
0,RKKRRQRRR
0,ALWLAIRKR
1,NKWKKILGKIIKVVK
1,SLLGTVKDLLIGAGKSAAQSVLKGLSCKLSKDC
0,LCYCRRRFCGCV
0,KRIVQRIKDFLA
1,ILGKLLKTAAGLLSNL
1,ILPWKWPWW
1,FLPIITNLLGKLL
1,NFLGTLVNLAKKIL
0,FPVTWPTKWWKS
1,SMLSVLKNLGKVGLGFVACKIKKQC
0,FSTKTRNWFSEHFKKVKEKLKDTFA
0,FKLKLKFSNKLKWKW
0,KLAGKLAKWAGKLAKLAGKLA
0,RLLKFIKKLL
1,GIMDTIKGAAKDLAGQLLDKLKCKITKC
0,LCYCRRRFCTCV
1,FLKGIVGMLGKLF
1,RWWLRRIW
1,WWWLRKIW
0,KRKKLLKRLI
0,FKTWKNRPILSSCSGIIKG
0,RWKIFKKIPKFLHSAKKF
0,GIGKFLHSAKKFGKAWVGEIMNS
0,ALRLAIRRR
0,YDLSDSNCLPANRDKRYYVI
0,GFKDLLKGAKKALVKTVLF
1,ILGPVISKIGGVLGGLLKNL
0,KKTWWKTWWTKW
0,RWKIFKKVVKKW
1,IISTIGDLVKWIIKTV
1,FIHHIIGGLFSAGKAIHRLIRRRRR
1,FFGHLFRGIINVGKHIHGLLSG
1,PAICQRATATLGTVGSNTSGTTAIEACILL
0,KRFKQDGGWSHWSPWSS
1,GFWTTAAEGLKKFAKAGLASILNPK
0,KKTWWKTWWTKWSQPKK
0,GIWGTALKWGVKLLPKLVGMAQTKKQ
0,KRLRRVWRRWR
0,FLSLIPKAIKAVGVKAKKF
1,LFGFLIKLIPSLFGALSNIGRNRNQ
0,LKALRKALKHLA
0,KKKVVFKVKFKKK
0,CKKLLKLCKKLLKLAG
0,FKCRRWQWRMKKLGAPSITCVRRAF
0,LLAAHLLAIGRR
1,PAICQRATATLGTVGSNTSGTTEIEAAILL
1,GMAKLLAKVLPHVVKLIK
0,KKKLKFLLKQ
0,QPRPPHPRL
1,ILGPVLSMVGSALGGLIKKI
1,FLPLIARVLSGIL
0,KKWRWWLKALAKK
0,RKKRLRVVRRLV
0,RFRRLRWRTRWRLRRI
0,GIIKKIIKKI
0,GLLNGLALRLGKRALKKIIKRLCR
0,GWKDWLNKGKEWLKKKGPGIMKAALKAATQ
1,WKKIASIGKEVLKAL
1,KWKVFKKAEKMIRNIRNKIVK
0,GVIIDTLKGAAKTVAAELLRKAHCKLTNSC
0,AKKVFKRLEKLFS
0,KLLSHSLLVTLA
0,FLPIIGKLLSGLL
0,RWKIFKKAAKKA
0,FWGALFKVASK
1,GIGKFLHSAKKFGKAFVAEIMNS
0,RRRCPIVVIRVCRR
0,HFLGTKVNLAKKIL
1,GWKKWFNRAKKVGKTVGGLAVDHYL
1,CIGAVLKVLTTGLPALISWIKRKRQQ
1,WKKVFKRLEKLFSKIWNWK
0,GWGSFFKKAAAVGKAVGKAALTAYL
1,LLQWLSKLLGRWL
1,CLNLKALLAVAKKILC
0,RIIRPIIQIIKQKIR
0,GLNALKKVFQGFHEAIKLINNHVQ
0,KKKKKKAAFALWLAFLA
1,GLFGKILGVGKKVLCGLSGMC
1,GLPTCGETCFGGTCNTPGCTCDPWPVCTHN
1,SRWRDVARNFMRRYQSRVIQGLVA
1,GIWKKWIKKWLKKLLKKLWKKG
0,KIAGKIAKIAKKIAK
1,FLSLIPHIVSGVAALANHL
0,GLPVCGETCVGGTCNYPGCTCSWPVCTRN
0,GVVDILKGAAKDIAGHLASKVMNAL
1,IVPFLLGMVPKLVCLITKKC
0,GRRPRPRPRPFFFF
1,GWKDWFRKAKKVGKTVGGLALNHYL
1,FLGELWNVWKSVF
1,ALYKTMLKKLGTMAL
0,LKGKLWLKGKL
0,RGRGKQGGKVRAKAKTRSS
0,IASKVANTVQKLKRKAKNAVA
0,AAHCLAIGRR
0,IDGLKAIWKKVADLLKNT
0,KKLGWGLKK
0,RGGRLAYCRRRFCVAVGR
0,RRRFVAEQDAIHSRVSREVPTLSDSV
1,GIWDTIKSMGKVFAGKIKQNL
0,RIKRFWPVVIR
1,KALAALLKKWAKLLAALK
0,IRVKIRVK
1,LLKKLLKKLLKKC
0,YYHFWHRGVTKRSLSPHRPRHSR
0,RREAEPEAEPGNNRPVYIPQPRPPHPRL
0,FWRIRKWR
1,FIFHIIKGLFHAGKMI
0,GVLKRIKTLV
0,GLLSRIKTLL
1,KIAKGALKALKIAKGALKAL
0,FKRLEKLFSKIWNWK
1,GLLALISWIKRKRQQ
0,GLLFKELQKLIRYQIFIGK
0,GGLRSLGRKILRAWKKYG
0,IISTIGDLVKWIIDTV
1,RRLFRRILRYL
1,LVKKLLKLAMGFG
0,GVWGIAKIAGKVLGNILPHVFSSNQS
1,RVKRVWPLVIRTVIALYNLYRAIKKK
1,GLAANFLPKIFCKITRKC
0,YRWARWWRR
0,KRIKTLL
1,GWLPTFGKILRKAMQLGPKLIQPI
0,GKPIGNAILGLRPKISRWL
1,KWKLFKKIGIGAVLKVLTTGLPALIS
0,LKAAAAAAKLAAKAAKAALKAAAAAAKL
1,LLRRLLRRLLRRLLRR
1,GMWPKILGHLIR
0,IWKRWWWKR
0,LFGVLAKVAAHVVPAIAEHF
0,FSEAIKKIIDFLGEGLFDIIKKIAESF
1,FLPLIGRVLSGIL
0,KFWKLLKKALRLWAKVL
0,VKLIQIRIWIQYVTVLQMFSMKTKQ
1,GIMSSLMKKLAKIIAK
0,GGLRSLGRKILRAWKKYGPQATPATRQ
1,KNWKAILKHIIK
1,FPVTWRWWTWWKG
1,GMWSKILGHLIK
1,FLPWFSKFLGRIL
1,SVSNAATRVCRTGRSRWRDVCRNFMR
0,KRFKKFFRKLKKSVKKRKKEFKKKPRVIGVSIPF
0,FFGTKGIFSKVEPIFCKISHSC
1,GIGSMLLGLAKNVGMSLLNKAQCKISGKC
0,KKLKKFKLLQ
0,HFLLTLVNLAKKIK
0,RKKKIKIIKRLI
1,FLPLLAGVVANFLPQIICKIARKC
0,RPAFRKAAFRVMRACV
1,KQIKIWFQNKKMKWKK
0,FLGMLLHGVGHAIHGLIHGKQNVE
1,VCGETCVGGTCNTPGCSCSRPVCTRNGLP
0,GIHKILKYGKPS
1,ILGKLLSTAWGLLSKL
0,INLKAIAALARNY
1,FIGLLISAGKAIHDLIRRRH
0,FRPKVTITIQGSARF
0,KRRLAAFRAFRGALKSVLKK
0,IRIRIRIR
1,GLFGKLIKKFLRKAISYAVKKARGKH
0,SGKLYYRRKK
1,GLLSLLSLLGKLL
1,WWWLRRRW
1,GFFALIPKIISSPLFKTLLSAVGSALSSSGGQE
0,FIKELLPHLSGIIDSVANAIK
0,KLKKKFLLKQ
0,FLLFPLMCKIQGKC
0,FLPLFLPKIICVITKKC
1,FLGAIAAALPHVINAVTNAL
0,YGAKAKAAKAAKAKAAKA
0,KKLFKKILKTL
0,GFKDLLKGAAKALKKTVLF
0,HKLGTLVNLAKKIL
0,ALAHFLKKAIKK
0,GKSDVRRWRSRY
0,KWCRCVCRRGICRCRCRK
1,KWKSFLRTLKSPAKTVFHTALKAISS
0,KWWRWRRWW
0,HKKHKKHKK
0,GFCRCLCRRGVCRCICTR
0,IARRALKKAKRAAHKIPAAKKFARR
1,GFFALIPKIISSPLFKTLLSAVGSALSSSGG
0,ILPWKWPKWPWRR
1,ALWFTMLKKLGTMALHAGKAALGAAANTISQGTQ
0,RWCVYRYVRVRGVLVRYRRCW
0,GRAKRFRKKAKKLFKKLSPVIPLLHL
1,GLFDVIKKLLKKIGGL
1,GFLGSLLKTGLKVGSNLL
1,RGLRRLGRKIAHGVKKYGPTVKRIKRKA
1,FLPFIAGMAAKFLPKIFCAISKK
0,LVIRTVIAGYNLYRAIKKK
0,IKSIASKVANTVQKLKRKAKNAV
1,GFMKYIGPLIPHAVKAISDLI
1,AIPCGESCVWIPCISTVIGCSCSNKVCYR
0,VTPPWARIYYGCAKA
1,GALRRLGRKITHAVKKYGPTVLRIIRIAG
1,IKIPAVVKDTLKKVAKGVLSAVAGALTQ
0,KRRKLAFRAFRFALKAVLKK
1,FWGALAKGALKLIVGSLFSSFSKKD
1,FIQYLAPLIPHAVKAISDLI
0,GIMDTIKNAAKDVVQSLLNKASCKLAKTC
0,IRVKIRVKIRVK
0,TPFKISIH
0,CNPLNGADRRTDSFPRFTVI
0,INLKAIAALAKKLL
0,KWKVFKKIEKKWKVFKKIEKAGPKWKVFKKIEK
0,GFAWNVCVYRNGVRVCHRRAN
0,KWKKLLKKPLKLKL
0,WNPFKELERAGQRIRDSIISAAP
0,FFGWLIKGAIHAPKAIHPLIHRRRH
0,RIKRFWPVVIRTVVAGYNLYR
0,PKLKFLSKWIG
0,RWCVYARVRGVRYRRCR
0,WFKAAAKAAAKFW
1,ALWDTLLKKVLKAAAKAALDAVLVGANA
0,FKDLKKIANIINSIFKK
0,RWKIFKKIEKVGQNIRDGIVKAGPAVAVVGQAATI
1,RRWCFRVCYKGRCRYKCR
1,ALWKTMLKKLGTMA
0,DVNDLKNLCAKTHNLLPMCAMFGKK
0,RTCIPIPPVCF
0,GVLDTFKDVAIGVAKGAGTGVLKALLCKLDKSC
0,KLLRHRLLVTLA
0,KKLFKKILKYL
1,INWLAIAAKVAGML
1,FLSHIAGFLSNLF
0,LSPAVMASLA
1,GLLKVIKVLL
0,RRHWRWWRR
0,PPPVIKFNRPFLMWIVERDTRSILFMGKIVNPKAP
1,AAAKAALNAVLVGANA
1,FFGSVLKLIPKIL
0,KCRQWQSKIRRTNPIFCIRR
0,GMASKAGSIVGKIAKIALGAL
0,FLPLAGRVLSGIL
1,LLGSLLKLLPKLL
0,VWRRWRRFW
1,YKLLKLLLPKLKPLLPKL
0,KFKSFIKKLTSKFLHSAKKF
0,FAKWAFKWLKK
0,FLGAVLKVAGKLVPAAI
0,FMPIIGRLMSGSL
0,LLKWLKKL
0,VFRLKKWMQKVIDRFGG
1,GEYCGESCYLIPCFTPGCYCVSRQCVNKN
1,KKLFKKILKYLTTGLPALISW
1,IKNAKVCVYAVCVSHK
0,INLKGLIKKVASLLT
0,KIAGKIAKKAGKIAK
1,FLGGLIKWKWPWWPWRR
0,LKKLLKKLLK
0,VNFKLLSHSLLVTLASHL
0,RWWRWWR
0,RRPWRWPRWPWRR
0,KWKKLLKKPLKLLKKLLK
1,NFLDTLINLAKKFI
1,GFFALIPKIISSPLFKTLLSAV
0,FPVTWPTKWLKG
1,ILAWKWPWWPWRR
0,GVIIDTLKGAAKTVAAELLRKAHCKLTNSC
1,ILGTILGLLKSL
1,ILGIITSLLKSL
1,ILPWKWPAWPWRR
1,LKWGAILKHIIK
1,IFGAIAGLLKNIF
0,KKKLLFLKKQ
0,LLKKLLKWLKK
0,FLRFIGSVKHGKGHLVHHIGVAL
0,LKKKKFKKLQ
1,ILGTILGLLKGL
1,GVWSTVLGGLKKFAKGGLEAIVNPK
1,GMWSKILKHLIR
0,GIMSSLMKKLKKIIAK
1,LKLKSIVSWALLVL
0,GLVDVLGKVGGLIKKLLP
0,RLYRRLYR
1,RLWLAWKRR
0,GFALAGLARILCLWFREFSGFFRRLNRRFAMRRR
0,GRLKRLRKKLKKLLKKLS
0,YYHFWHRGVTKR
0,RLYRKVYGRLYRKVYGRLYRKVYGRLYRKVYGKKK
0,LKLGTLVNLAKKIL
0,YKAWRWAWRWK
0,KRMGIFHLFWAGLRKLGNLIKNKIQQGIENFLG
1,GILSSFKGVAKGVAKDLAGKLLETLK
0,KKPKLPWKPKK
0,ACFLTRLGTYVC
0,HGVSGHGQHGTHG
1,FLSTIWNGIKGLL
0,YGFYTHVFRLKKWMQKVIDRFGG
0,LFKEILEKIKAKL
0,GIHDILAYGKPS
0,KYTGKCKTKKNKCK
1,GIKDLLKGAAKALVKTVLF
1,GMATKAGTALGKVAKAVIGAAL
0,FWRIRIRR
0,HTASDAAAAAALTAANAAAAAAASMA
1,GIWKSLFTKLLKG
0,FKDLKKIANIINSIFKK
0,KISKKIMRTFLRRILTGKK
0,RIWVIWRR
0,RRRWRKRRWWW
0,GRIKRIRKKIKKLIKKLS
1,GFMDTAKNVAKNVAVTLIDKLRCKVTGGC
0,FLGAVLKVCKISKKCAGKLVPAAI
0,KRWRWRW
1,FRRFFKWFRRFFKFF
1,ALWKSLLKNVGKAAGKAALNAVTDMVNQ
0,INWKGIAAMAKKLL
0,KKAFAAAAAFAAWAAFAKKKK
1,ILNWLKLGKAIIDAIL
0,GSLHGFMYRYLKNMVLNLF
1,GWRKWIKKATHVGKHIGKAALDAYI
1,FLPILASLAAKFGPKLFSLVTKKS
0,FFRRFFRR
1,KKKLLLLLLLLLKKK
1,SKKLFKKILKYLAGPAKKLFKKILKYL
0,GLLRASSVWGRKYYVDLAGCAKA
1,GLFDVIKKVLKKIGGL
0,SVKKFWGGVKAIFKGARKGLK
0,NRLARHFRDIAGRVNQRL
0,AKRHHGLNCAKFH
0,FQWQRNIRKVR
0,HLGHHALDHLLK
0,GVVDIAKGAAKDIAGHLASKVMNKL
1,WKLFKKILKWL
1,KRFKKFFMKLKKSVKKRVMKFFKKPMVIGVTFPF
0,WHWTWLRIRKKLR
0,GFKRLVQRLKDFLRNLV
1,GIFGKILGVGKKVLCGLSGMC
1,ALWKTLLKKVLKA
1,LDVKKIICVACKIKPNPACKKICPK
1,ILGKIWEGIKSIF
0,HPLKQYWWRPSI
0,GIGKFLHSAGKFGKAFVGEIMKS
1,LCYCRRRFCVCV
1,HFLGTLVNLAKKIL
0,AKKVFKRLEKLFSKIFNFK
0,LLKELWTKIKGAGKAVLGKIKGLL
0,RLKLLLLLRLK
0,WGIRRILKYGKRS
1,IFGAIWPLALGALKNLIK
0,KIKKGFKKIFKRLPPIGVGVSIPLAGKR
0,PKDLKETLQEKKP
0,RRRSVGEEDAIPSHIEVNKFFLRKPAKEHI
0,LLSNVAGLLKQFAK
0,KARQWQSKIRRTNPIFAIRR
1,ALWKTMLKKLGTMALHAGK
0,ASEELLLRFQATSSGPILREEFE
0,KWKSFIKKLTKKFLHSAKKF
0,FVGALFKALSKLL
0,KGLGKDLAKLGVDLVACKISKQC
0,AKKVFKRLEKLFSKIQNWK
1,FKLFKKILKFL
1,KRRLIARILRLAARALVKKR
1,PWKWPWWPWRR
1,GVLSVIKNALPGIMRFIA
1,FFPFLLGALGSLLPKIF
0,GEKLKKIGQKIKKFFQKL
1,LRRLWLRANRLLRRLWLRANRL
1,LRILRRLLRRLF
1,GFLLKLKLGAKLFASAFVNSIK
0,CVDIHVWDGVC
0,PFWRIRIRR
1,RRGCFRVCYRGFCFQRCR
1,FLPKLLAGLPSFLCLVFKKC
0,KVVFKVKFKKK
0,ILPWKWPWLPWRR
0,DSHAKRHHGYKIKFHENHHSHRGY
0,STVLTSKYR
0,QPTRRPRPGTGPGRRPRPRPRP
0,RLSRIVVIRVCR
1,FFHHVFRGIVHVGKTIHRLVTG
0,AAGMGFFGAR
0,GLPALISWIKRKR
0,AAAAAAAAAK
0,SWLRDLWDWICELLSDFK
1,SKHWLWLW
0,WPKWWKWKRRWGRKKAKKRRG
1,ILPILSLIGGLL
1,GIPCGESCVFIPCITAAIGCSCKSKVCYRN
0,CVVSSGWKWNYKIRCKLTGNC
1,WRRRRRRRR
1,GIGGALLSAGKSALKGLAKGLAEHFAN
0,KRFKKFFKKLKNSVKKRAKKFFKKPRVIGVSIPF
0,KAYSTPRCKYLFRAVLCWL
0,RIKRFWPVVIRTVVAGYNLY
0,FSPQMLQDIIEKKTKIL
0,ENMFNIKSSVESDSFWG
1,AIPWIWIWRLLRKG
0,KDLHTVVSAILQAL
0,GVVDILKGAAADIAGHLASKVMNKL
0,WMQKVIDRFGG
0,GKEFKRIVWLSKTAKKL
0,QKKIRVRLSA
1,GLLKWIKTLL
0,ILGPVLGLVSDTLDDVLGIL
1,ALWMTLLKKVLKAAAKAALKAVLVGANA
0,GSKKPVPIIYCNRRTGKCQRM
0,LAAKLTKAATKLTAALTKLAAALT
0,KIAKVALKALKIAKGALKAL
0,HLNKRVQRELIGWLRWLK
1,FIGAIARLLSKIF
0,INMKASAAVAKKLL
0,GLARALTRLLRQLTRQLTRA
0,KWKKLLKKPLLKKLLKKL
0,KIFDAEILLNGKRKGLG
1,VNSKKISGKSIKVSK
0,FLGALFKVVSKLL
0,ALNALKKVSQGIHEAIKLIANHVQ
1,VKRWKKFWRKWKKWW
0,KKKKKKAAFALWAAFAA
0,ARRARKWARRALKLA
1,YRMWRWAWRWR
0,GLKALKKVFQGIHEAIKLINNHVQ
0,CVDIGFSPTGKRPPFCPYPG
1,GLLGKLLKIAAKVGKKLL
1,KWKSFLKKLTSAAKKVLTTALKPISS
0,KWKSFIKKLTSKFLHSADKF
1,CIGAVLKVLTTGLPALISWIKRKRQQC
0,KLKKKLKKLLKK
0,KKLFKKILKYLAGPATTGLPALISW
1,GFGTILKALAKIAGKVVKKLATKPGATYMLKENLK
1,WWWRRRIW
0,LLKRIKTLL
1,GASCGETCFTGICFTAGCSCNPWPTCTRN
0,VIVKAIATLASKLL
0,FLKLAKKLL
0,AGLQFPVGRIGRLLRK
1,GFKLGRKLVKVFKWII
1,FFHHIFRGIVHVGKKIHRLVTG
1,KWKVFKKIEKMIRNIRNKIAK
0,CSCKNKVCYRNGIPCGESCVWIPCISAALG
1,DSMGAVKLAKLLIDKMKCEVTKAC
0,GLRRALLRLLRSLRRLLLRA
0,LKKLLKLCKKLCKLAG
0,KWKSFLKTFKSAKKTKLHTALKAISS
0,KWKLFKKIGKVLKKL
1,ILSYLWNGIKSIF
0,GFSPNLPGKGLRIS
0,KRLFRRWQWRMKKY
0,RRLRKKTRKRLKKIGKVLKWI
0,KKVWFIFHVCPKLKQRIL
0,GIKKILKYGKKS
0,GKLGPLLKIAAKVGSKLL
0,LNALKKVFQKIHEAIKLI
0,RWCVYARVRGVRYRRCW
0,LKLKKFLKKQ
1,GMWSKILGPLIR
1,LNKGAILKHIIK
0,WWSYVRRWRSR
0,RLVRILVSKRPVAIKPYFRL
0,IFGAIWNGIKS
0,RFRFFFRFR
0,IKKIIKKI
0,FDLLGLVKKVASAL
0,GLLKRIKTL
0,RRLIRLWLRLLR
0,VIRTVVAGYNLYRAIKKK
1,GLPVCGETCVGGTCNTPGCKCSWPVCTRN
0,AVAGEKLWLLPHLLKMLLTPTP
0,KWKAFKKIEKMIRNIRNKIVK
0,AHCLAIGRR
0,ILPWKWKWWKWRR
0,GKKLKKIGQKIKNFFQKL
1,ILSAIWSGIKSLF
1,GKPTCGETCFKGKCYTPGCTCSYPLCKKD
0,GLLSGILGAGKKIVF
0,FLGVLFKVLSKLL
1,FLPAIAGILSQLF
1,RWRWRWRW
0,YSLQMGATAIKQVKKLFKKKGG
0,GIMSSLMKKLKKHIAK
0,SGKLYYRRKK
0,VGKTWIKVIRGIGKSKIKWQ
0,GKPRPYSPKPTSHPRPIRV
1,WLRRIKAWLRRKRK
0,ILPWKWKFFPWRR
0,ILPYKYPYYPYRR
0,GLPASISWIKRKRQQ
0,TRSSRAGLQWAVGRVHRLLRK
0,LLKWLKKLLKK
1,FLPLLAGLAANFLPKIFCKITKRC
1,FLGGLIKWPWWPWRR
1,GKILKYLLYLLRKYANLIIR
0,KKFFRAWWAPRFLK
1,VSWKKSLGKIIKVVK
0,AINPKSVQSLL
0,RWKIFKKVVKKA
0,KKKLKFLKLQ
0,RIIDLLARVRRPQKPKFVTVWVR
1,ALWMTLLKKVLKAAAK
0,PFFWRIRIRR
1,GMATKAGTAFGKAAKAIIGAAL
0,RLKKIGKVLKWI
0,THVFRLKKWMQKVIDRFGG
1,PKLLKFLSKWIG
0,IIIQYEGHKH
1,ILPIRSLIKKLL
0,RKKKFKFFKRLF
1,HFLKTLVNLAKKIL
0,WKSYVRRW
1,FAKGIAGMAGKLF
0,GKKLFKKILKYLAGPAKFLHSAK
1,GIMSSLMKKLAAIIAK
1,FLPLVLGALSGILPKIL
1,HFLLTLVKLAKKIL
0,LKLKKFKLKQ
1,GIGAVLKVLTTGLPALISWIKRKRQQ
0,KWKLFKKIPHLAKKF
0,GIMDTVKNAAKNLAGQLLDKLKCKITAC
0,FKAWRWAWRMKKLAAPS
0,KEFKRIVQRIKDFLRNLV
0,RIKRFWPVVIRTVVAG
0,CWWKKKKKWWC
0,WRPGRWWRPGRWWRPGRW
0,GMLKRIKTLM
0,KKKKIIKRLI
1,ILGKLWEGLKSLF
1,RGGRLCYCRRRFCVCVGR
1,KWFKIQLQIKKWKNKK
0,KWKLFKKIPKFLHLA
0,KKKKKKLLFAAWAAFAA
0,ILGEIWKGIKDIL
1,NPVLVKDATGSTQFGPVQALGAQYSMWKLK
1,FLPLLAGLCKITRKCAANFLPKIF
1,GIGAVLKVLTTGLPALISWIKRKRQQ
1,LPWKWPWWPWRR
1,MPLSWFFPRTWGKR
0,KFFRKLKKSVKKRAKEFFKKPRVIGVSIPF
0,TPFKISIHL
0,WRKLWRGGLKRWLK
0,GCRFCCNCCPNMSGCGVCCRF
0,VIDKAKMESLGITSRDTT
0,KWKSFIKKLTSKALHSAKKF
1,ILPWKWPWWPWKK
0,FFGHLYRGITSVVKHVHGLLSG
1,INWLKLGKKILGAL
0,LNALKKVFQGIHEAIKLI
1,GIGAVLKVLTTGLPALISWIKRKRQQ
0,KRFKKFFKKVKKSV
1,LLPIVGNLLKSLLGAKRKRAG
1,GILSTFKGLAKGVAKDLAGNLLDKFKCKITGC
0,KIAGKIAKIAGKIA
1,INWKKIFQKVKNLV
0,LLPPWLRPRNG
0,KVANTVQKLKRKAKNAVA
0,ILGKIWEGIESLF
0,GASLSFKILKTVLEALGNVKRK
0,AWKLFDDGV
0,IPWKLPATFRPVERPFSKPFCRKD
0,ALRSAVRTVARVGRAVLPHVAI
0,FLGALFKAVSKLL
0,KWKLFKKIPKFLHLAKK
0,KKLFKKILKYLAGPA
0,FLKPLFNAALKLLP
1,GMWSKILGHL
1,GLLDFLKAAGKGLVSNLLEK
1,YGRKKRRQRRR
0,TESYFVFSVGM
0,RIKRFWPVVIRT
1,LALKSGGWLRLFGLKDKKH
1,GIGAVLVVLTTGLPALISWIKRKRQQ
0,SIGAKILGGVKTFFKGALKELAFTYLQ
0,LPLILRKIVTAL
0,PLLKKLLKKP
1,CKKIGAVLKVLTTGLPALISWIKRKRQQKKC
1,LALKSGGWLRLFGLKDKKH
1,VNWKKILGKSIKVSK
1,GIGAVLDVLTTGLPALISWIKRKRQQ
0,GFWGKLLEGVKKAI
1,FLPVLTGLTPSIVPKLVCLLTKKC
1,FFGAIAAALPHVISAIKNAL
0,SWSSFFKKAAHSGKHVGKSASTHYL
1,CKLLKTFLSKWIC
0,LDPKVVQSLL
1,FFGAIAAALPHVISAIKNAL
0,VIPIVSGLLSSLL
0,ILGKLWEGVKSI
1,GEILCNLCTGLINTLENLLTTKRKRQQ
1,GILDTFKGVAKGVAKDLAVHMLENLKCKMTGC
0,RPAWRKAAFRVMRACV
1,FLPGLIKAAVGIGSTIFCKISKKC
0,GEKLKKIGQKIKNFFKKL
1,FDLLGLVKSVVSAL
0,RKSKEKIGKEFKRIVQRIKDFLRNLVPRTES
0,GLNALKKVAQGIHEAIKLINNHVQ
0,GLKKIFKKGLGSLVKGIAAHVAS
1,KWKSFLRTFKSPVRTVFHTALKPISS
1,CKLLKTFLSKWIC
0,GILDAIKAIAKAAG
0,RTVVAGYNLYRAIKKK
1,GVVVRVPRVVVRWVRR
0,KWKLFKKIPLKKF
0,KAIVQRIKDFLR
0,GVVDALKGAAKDIAGHLASKVMNKL
1,LKLLSIVSWAKKVL
1,GLLKVIKTLL
0,GWGSFFKKAAHVAKHVGKAALTHYL
1,GIGKFIHSAKKFGKLFVGEIMNS
1,KLALKLALKALKAALKLA
0,GLKKIFKKGLGSLVKGIAAHVAS
1,NAGSLLSGWG
0,GYNYAKKLANLAKKFANALW
1,RRWRIVVIRVRR
0,FFRRFRRFF
0,LSPAAMASLA
0,RPVYIPQPRPPHPRL
1,KLALKLALKALKAALKLA
1,MAQDIISTIGDLVKWIIDTVNKFPKK
1,FFPIVGKLLSGLF
0,WKSYVRRW
0,KKLGLCLGLKK
1,FRWCFRVCYKGRCRYKCR
0,KWLKKWL
1,DIFGAIWPLALGALKNLIK
0,VWNQPVRGFKVYE
1,FAVTWATKWWKG
0,RLRLLLRLR
0,VGTDFSGNDDISDVQK
0,GRRRRSVQWCA
0,KRIVQRIADFLR
0,LKLLKFKKKQ
0,FFGWLIKGAIHAGKAIHPLIHRRRH
1,RGGRLCYCRRRFCVCVGR
0,RFRRLRDKTRDRLKKI
1,FFFLSRIF
1,KLLLKLWLKLLK
0,FLKPLFNAALKLLP
1,FMGSALRIAAKVLPAALCQIFKKC
0,LKKLLKWLKKL
0,KRLFRRLLFSMKKY
1,GKWKKILGHLIR
0,AKKVFKRLGIGAVLKVLTTG
0,WKLFKKIPKFLHLAKKF
1,RLWLAIGRR
0,LPLPSCSSHGGDADNTSQRN
1,FFSLIPSLVKKLIKAFK
1,RGLRRLGRKIAHGVKKYGPTVLRIIRIAGGGGGSC
1,FLPLIGRVLSAIL
1,GKWQSLLKHILK
1,WKRWVQRWKRFLR
0,WGIRDILKYGKPS
0,ILGPVISTIGNVLGGLLKNL
1,FLPILASLAAKLGPKLFCLVTKKC
0,CKILSKTIKCRIPCGRRKEY
0,KNLRRITRKIIHIIKKYG
1,CGESCVYIPCISGVIGCSCTDKVCYLNGTP
0,LSVDKRPVLHPEHIYGHNHY
1,LKLLKKLLKKLLKLL
1,GFLDVIKHVGKAALGVVTHLINQ
0,KLAKLAKKLAKLAK
0,FFHHIFRGIKHVGKTIHRLVTG
0,PVVIRTVVAGYNLYRAIKKK
0,KRIVQRIKDWLR
1,GLLGPLLKIAAKVGSNLL
1,FLPGLIKVAVGVGSTILCKITKKC
0,ACPIFTKIQGTCYRG
0,FRRPFKWPRRFFKFF
0,GFMDTAKNVAKNVAKNVAVTLLDKLRCKVTGGC
0,CVYAYVRVRGVLVRYRRCW
0,IYYPPNHNFP
0,KPWRFRRAIRRVRWRKVAPYIPFVVKTVGKK
0,CYCRRRFCVCV
0,LESLASSAVRTANKARAKL
1,SLWETIKNAGKGFILNILDKIRCKVAGGCKT
1,FIGMIPGLIGGLISAFK
1,KLKLLKLLKLLKLLK
1,ILKWKWPWWPWRR
0,RKKRLKVVKRLV
0,ILGKIAEGIKSLF
0,LKLKSIVSAAKKVL
0,KKLFKKILKYLAGPAVAVVGQATQIAKKDEL
1,GLWSKIKEAAKTAGLMAMGFVNDMV
1,IFGAIWKGISSLL
0,GFGLGGLARILCLGNRQWSNFFKKLNRKCAMVKK
1,KLALKLALKALKAALKLA
1,FFHHIFRAIVHVAKTIHRLVTG
0,ALLHHGLNCAKGVLAALLHHGLNCAKGVLA
1,KRRLFLFRLFRLFLRLFLKK
0,KKLFKKILKVL
1,GVSKILHSAGKFGKAFLGEIMKS
1,GLMDTLKNLAKTAGKGALQSLLNKASCKLSGQC
0,KLKKLWKKLLK
0,GIMSSLMKKLAAHIAK
1,AGWGSIFKHIFKAGKFIHGAIQAHND
0,QPFSLERW
0,WKKIPKFLHLAKKF
0,GATAIKQVKKLWKKKGG
0,LKWLKKL
0,LKKLKFLKKQ
0,SISLLYGRKKRRQRRR
0,KAYSMPRCKYLFRAVLCWL
0,RRLRLLLRLRR
0,FIHHIFRGIVHAGRSIGRFLTG
0,MESVSDAVQLMLGFGTFVLMLLGLVVELIKNSNKK
0,LGGAATGVIGYISNQTCPTTACTRAC
0,ILPWKWPAAPARR
0,IKKILSKIKKLL
0,FLKGIIDTVSKLF
1,PKLLKTFLSKWIG
0,HFLLTLKNLAKKIL
0,RSGGYCNGKRVCVCR
0,KRIVQAIKDFLR
1,KWKKLLKKLLPLLKKLLK
1,ILSAIWSGIKGLL
0,EQEENVVKIQAFWKGYKQRKEYM
0,GLPRKILCAIAKKKGKAKGPLKLVCKA
0,KWKLFKKIPKFLHLAKKF
1,KALAKALAKLWKALAKAA
0,WNPFKELERAGQRVRDAIISAAP
0,KKKKLFLLKQ
0,FKKLKKLFSKLWNWKRKKRRQRRR
0,GALKRIKTLL
0,KLLKFIKKLL
1,AQDIISTIGDLVKWIIDTVNKFTKK
1,KVLKAAA
0,RKKRLKLLKRLV
0,VLSAADKGNVKAAWGKVGGHAAE
0,LCYTRRRFTVCV
0,KFFRKLKKSVKKRAKEFFKKPRVIGVSIPF
0,ASHLGHHALDHLLK
1,KRIVKLILKWLR
0,VAGYNLYRAIKKK
0,CPAIQRCC
0,AKKVSKRLEKLFSKIQNDK
1,FFRLLFHGVHHGGGYLNAA
0,KWKSFINKLTSKFLHSAKKF
0,RFRRLRKWTRWRLKKI
1,GLLKRIKLLL
1,GKWMSLLKHIWK
0,VRRFPYYYPFLRR
1,ILPWAWPWWPWRR
1,PFKIDIHLGGY
1,GIGKFLHSAGKFGKAFIGEIMKS
0,KRIVKRIKKWLR
0,VWRRWRRFWRR
0,GIGAVVKVLTTGVPAVISWIKRKRQQ
1,FVKLKKILNIINSIFKK
0,GFWGKLWEGVKNAIKKK
0,GIMSSLMKKLKAHIAK
1,GFKKLLKGAAKALVKTVLF
1,GLPVCGETCVGGTCNTPGCTCSWPVCTRK
1,YKLLKLLLPKLKPLLFKL
0,KNLRRITRKIIHIIKKYG
0,ALYLAIRRR
0,GSVLNCGETCLLGTCYTTGCTCNKYRVCTKD
0,RLWRRWRRWLR
0,ILPWKAPAAPARR
0,SRSEKAGLQFPVGRIGRMLKK
0,LLGMIPVAITAISALSKL
0,LKKLLKKLLKKL
0,KKLFKKILKHL
0,FKKFFKKLKNSVKKRAKKFFKKPRVIGVSIPF
0,VIPFVASVAAEMMQHIFCAASRKC
0,GLPVCGETCVGGTCDTPGCTCSWPVCTRN
0,RGGRLCYCRRRFCVCR
1,LRIVKLILKWLR
0,KWKSFLKTFKSAGKTVLHTALKAISS
0,RRLCRIVVIRVCRR
1,ILPWKWPWAPWRR
1,GAFGNLLKGVAKKAGLKILSIAQCKLSGTC
0,SAVWRRWRRFWLRKRRKR
1,LRFIKKILKKLI
0,WGIRDILKYGKPS
1,GIWDTIKSMGKVFAGAILQNL
1,WWWLRRIR
1,ILPWKWAWWPWRR
1,GIGGALLSFGKSALKGLAKGLAEHF
1,IIGPVLGLVGKALGGLL
1,FLPILASLAAKFGPKLFCLVTKKC
1,ILPILGNLLNGLL
0,GILSKLLKKLKKIIAK
1,FWGALAKGALKLIPSLVSSFT
0,KKLIKVFAKGFKKAKKLFKGIG
1,GILSSLWKKLKKWIAK
0,FLGALAKALSKLL
0,GRRRRSVQWCA
1,ILPLKWPWWPWRR
0,VIPFVASVAAEMMHHVYCAASKRC
0,LLKKLLKKLLKK
1,GLKEIFKAGLGSLVKGIAAHVAN
1,WKRIVRRIWRWLR
0,AFCWNVCVYRNAVRVCHRRCN
0,LCYTHHHFTVCV
0,YGRKKRRQRRR
0,WKKIPKFLHLLKKF
1,GLMDTVKNAAKNLAGQMLDKLKCKITGSC
0,KWCFCVCYRGICRCRCRG
0,ATYRTGRATRESLSGVEISGRLYRLR
1,KLKLLLKLK
1,KIASIGKEVLKAL
0,RGVAKFASKGLGKDLAKLGVDLVACKISKQC
1,KIWFQNKKMKWKK
1,KKKKLFKLLQ
0,YVPPVQKPHPNGPKFPTFP
1,GLLWKWGWKWKEFLRIVGY
0,NWCKRGRKQCKTHPHFVIPY
0,HWRRFWHR
0,LLRRLLRRLLRR
0,AKKVSKRLEKLFSKIQNDK
0,KLKLKLKE
1,FVKLKKILNIINSIFKK
1,KRRKLAFRLFRLFLKLVLKK
1,KKLFKKILKYLAGPAKKLFKKILKYL
0,ILGKVWEGVKSLF
1,FLSTLLNVASNVVPTLICKITKKC
0,FLKGIIDTVSNWL
1,LNWGAILKHKIK
0,GLLGPLLKIAAKVGSNLL
1,ALFKTMLKKLGTMAL
1,FLGWLFKWASK
0,AARIILRWRFR
0,VVIRTVVAGYNLYRAIKKK
0,GLLKRIKT
1,TRSRWRRFIRGAGRFARRYGWRIALGLVG
0,SKVWRHWRRFWHRAHRKK
0,KWKKLLKKLLKLPKKLLKKLKKLLK
0,LKLLKFKKLQ
1,GLKEVAHSAKKFAKGFISGLTGS
1,GFGSLLGKALKIGTNLL
0,CLLKKLLKKC
0,KWKSFIKKLASKFLHSAKKF
0,FAKLLKKLL
1,ILPIIGKILSTIFGK
1,FFHHIFRGIVHVGKTVHRLVTG
0,LRHKVYGYCVLGP
0,RAGLQFPVGRLLRRLLR
0,YQCGQGG
0,FLGWLFKVASK
1,GLPALISWIKRKRQ
0,KRIVQRIKDFLR
0,KIKLFKKWPKFLHLAKKF
1,VRRFPWWWPFLRR
0,KWKSFLKTFKSAKKTVAHTAAKAISS
0,KWKKKKKKPKFL
1,FFHHIFRPIVHVPKTIHRLVTG
0,WKKIWSKIKKLLK
0,IKKIVSKIKKVLK
1,IKIPSFFRNILKKVGKEAVSLIAGALKQS
1,INWKSIFEKVKNLV
0,GVFDIIKGAGKQLIARAMGKIAEKVGLNKDGN
1,KLKLLLLLKLK
0,INLKAIAALVKKV
0,LLKKKFKKLQ
1,FLPGLIKAAVGVGSTILCKITKKC
0,YYHFWHRGVTKRSLSPHRPR
0,MVSVSVAVQLMLGFGTFVLMLLGLVVELIKNSNKK
1,IWSFLIKAATKLLPSLFGG
1,IDWLKLGKMVMDVL
0,ILPWKWPWLPKRR
1,LCYCRRRFCFCV
1,KWPWWPWRR
1,ILGKIWKGIKNIL
0,AAKKGCWTVSIPPKPCF
1,RLYRRLYRRLYRRLYRRLYRRLYRRLYRRLYR
0,ICLKKWPWWPWRRCK
0,RGKRWWRRKK
1,ILPWKWPYLPWRR
1,KIAKGALKALKIAKVALKAL
0,HRWWRWWRR
1,LRFLKKILKKLF
0,GSKKPVPIIYCNRRAATGKCQRM
1,FFHHIFRGIVHVPKTIHRLVTG
0,AMPWRPATGLLPIKPTHIKPLCGDD
0,GFLEKLKTGAKDFASAFVNSIKGT
0,FWGLKGLKGPGKFSKKL
1,ALPLIGRVLSGIL
1,LNWGAKLKHIIK
1,RLYRRLYRRLYRRLYRRLYRRLYRRLYRRLYR
0,YRWWRWARRW
1,RFWPVVIRTVVAGYNLYRAIKKK
0,FRCRRRFCRF
0,FKRLEKLFSKIQNDK
0,GTFIKQQRKQKQQRHHTSGTRKRMAK
1,ILGKLLSTAAKLLSNL
1,WKRWVRRWKRWLR
1,VNWKKILKKIIKVAK
0,HRHQGPIFDTRPSPFNPNQPRPGPIY
1,GLKALKKVFKGIHKAIKLINKHVK
0,KKKKKKAAFLAWALFAA
0,LKPLLKPLLKPLLKPLLKPLLKPLLKPL
1,GFFALIAQIISSPLFQTL
1,NLLKSALKTVNKLLAAS
0,KDWEHLKDWEHLKDWEHL
1,GIGKFLHSAKKFGKAAVGEIMNS
0,AQIVQRIKDFLR
1,GLLSGVLGVGKKVLCGLSGLC
0,QLQGKQVSGEVVQKVLQELIQSVAKP
0,FPVTWPTKWWEG
0,GLLRASSKWGRKYYVDLAGCAKA
1,LKWLLKWLL
1,DAACAAHCLWR
0,GSKKPVPIIYCNRRSGKCQRM
0,GIHDALKYGKPS
0,HKKHKKHKKHKK
0,GLVGTLLGHIGKAILG
0,RLYRRLYRRLYRRLYRKKK
1,KIAGKIAAIAGKIAKIAGAIAKIAGK
0,GRRPRPRPRPWWW
0,PLYKKIIKKLLES
0,AKKVFKRLPKLFSKIWNWK
0,GWGSFFKKAAHVGKHVGKA
0,RGKRWWRRKK
1,LVRGCWTKSYPPKPCFVR
0,RMKKLGNHKVSCERNTKRCRKAI
0,GRRPRPRPRPWWW
0,AGETHTVMINHAGRGAPKLVVGGKKLS
1,VRRYPWWWPYLRR
1,KAIAKSILKWIKSIAKAI
0,TFRRLKWK
0,KKIMRTFLRRISKDILTGKK
1,GFFGKMKEYFKKFGASFKRRFANLKKRL
1,IISTIGKLVKWIIDTV
1,ALWKTMLKKLGTMALHAGKAALGAAADTISQGTQ
1,MWSKILGHLIR
1,GLLKRIATLL
1,GYPICGESCVGGICNIPGCSCSWPVCTTN
1,FLAGLIGGLAKMLGK
1,LLLLKFKKLQ
1,RIRFPWPWRWPWWPRFRG
1,KLLKRIKKLL
1,ILPWKWPWWAWRR
1,FLSMIPKIAGGIASLVKNL
1,MDFIIDIIKKIVGLFTGK
0,VGRKHSILNCIPYLKKKKIMRL
1,RWFKIQLQIRRWKNKK
0,KRIRKRIKKWKR
0,KWKSFLKTFKSAKKTVLHTALKAISS
0,GSKKPVPIIYANRRTGKAQRM
1,GVVVRVGRVVVRWVRRRR
0,AKLWLKAAKLWLKA
0,LCAARCLAIGRR
0,KWKSFIKKSTSKFLHSAKKF
0,KRIVQRIKDFLRNLVPRTES
0,QLQGKQVSGEVVQKVLQELIQSVAKP
0,FKKLKKLFKKILKLK
0,GKKLLWLLKKG
0,RIKRFWPVVIRTVV
0,NLVSALIEGRKYLKNVLK
1,GLNALKKVFQKIHEAIKLINNHVQ
1,ILGKLLSTAAKLLSKL
1,YKLLKLLLPKLKGLLPKL
0,AKKVFKRLEKLFSKI
1,ILGPILGLVSNALGGLL
1,VNWKKVLGKVVKVVK
1,KWKLFKKIFKCWRWQWRWKKLGA
0,GLPVCGETCVGGTCNTPGCTCSYPVCTRN
1,INQKKIASIGKEV
0,IHKFWRPGRWFKHI
1,ALWKTLLKKV
0,FFHHIFNGLVGVGKTIHRLI
1,GIPCGESCVWIPCISSAIGCSCKSKVCYRN
1,PICTRNGLPVCGETCFGGTCNTPGCTCTW
1,WWWLRRIW
0,GVVVRWGRVVVRGVRR
0,ALLHHGYKRKFH
0,GIHDILKYGAPS
0,FPFLKLSLKIPKSAIKSAIKRL
0,RVIEVVQGACRAIRHIPRRIR
1,FVQWFSRFLGRIL
0,LKLKSIVSYAKKVL
0,GWKDWAKKAGGWLKKKGPGMAKAALKAAMQ
0,FKHHIFRGIVHVGKTIHRLVTG
0,KKRLKKIFKKPMVIGVTIPF
0,RRFRPKVTITIQGSARF
1,HALWKNMLKGIGKLAGKAALGAVKKLVGAES
1,RGGRLCYCRRRFCVCF
0,GIGGALLSVGKSALKGLTKGLAEHF
